"Season","Result","Score.Diff","Seed.Diff","Higher.Seed","COL.Diff","Higher.COL","DOL.Diff","Higher.DOL","MOR.Diff","Higher.MOR","POM.Diff","Higher.POM","SAG.Diff","Higher.SAG","WLK.Diff","Higher.WLK"
2003,"Win",8,0,16,1,212,19,239,-16,277,5,268,-6,251,-3,237
2003,"Win",29,-15,1,-142,2,-154,2,-183,4,-141,3,-156,2,-151,2
2003,"Loss",-13,-3,7,-19,19,-27,21,1,22,-12,20,-8,24,-13,21
2003,"Loss",-6,-5,6,-17,18,-19,18,-17,33,-23,27,-30,18,-13,19
2003,"Win",2,-1,8,-28,28,-24,25,12,31,-8,40,-6,40,-18,33
2003,"Win",5,-7,5,7,23,-10,26,-25,17,-3,23,-5,23,1,25
2003,"Win",10,-11,3,-64,11,-82,9,-75,10,-79,8,-79,10,-87,5
2003,"Loss",-5,-1,8,6,40,4,50,-15,39,-6,35,3,39,7,38
2003,"Win",5,-9,4,-38,15,-43,12,-54,5,-47,5,-49,11,-43,10
2003,"Win",3,-13,2,-67,7,-78,11,-126,2,-105,4,-97,4,-85,4
2003,"Win",4,-11,3,-49,10,-32,10,-87,18,-67,13,-54,14,-46,13
2003,"Win",1,-5,6,-7,24,-11,20,-48,24,-33,24,-28,22,-20,24
2003,"Win",1,-7,5,-26,22,-34,17,-16,36,-34,22,-27,17,-30,20
2003,"Win",17,-15,1,-177,3,-184,6,-232,6,-221,9,-223,8,-197,8
2003,"Win",8,-9,4,-74,17,-77,23,-52,25,-52,30,-58,29,-52,28
2003,"Loss",-13,-9,4,-44,13,-64,15,-3,32,-22,31,-32,26,-33,22
2003,"Win",7,-7,5,-13,21,-41,24,-85,15,-44,16,-40,19,-49,18
2003,"Loss",-2,-3,7,-17,27,-21,22,-6,38,-27,18,-23,20,-31,16
2003,"Loss",-1,-7,5,-4,25,-9,19,-66,8,-40,11,-19,16,-12,17
2003,"Win",30,-13,2,-73,14,-85,8,-162,7,-128,6,-131,7,-91,11
2003,"Win",5,-3,7,-4,39,-4,35,8,26,13,33,4,37,1,36
2003,"Win",31,-15,1,-147,1,-138,1,-144,1,-132,1,-161,1,-143,1
2003,"Win",22,-9,4,-63,6,-50,16,-137,14,-109,14,-97,6,-71,6
2003,"Win",2,-5,6,-21,37,-21,32,-39,9,-28,19,-30,21,-14,27
2003,"Win",15,-3,7,-3,42,7,38,-14,16,-3,25,3,33,-5,35
2003,"Win",14,-5,6,-24,26,-7,27,-54,29,-14,29,-24,25,-23,23
2003,"Win",26,-13,2,-118,5,-142,3,-187,3,-186,2,-171,3,-145,3
2003,"Loss",-24,-1,8,3,33,-10,30,-26,11,-17,21,-7,27,-9,30
2003,"Win",11,-11,3,-43,9,-52,5,-67,21,-48,15,-57,12,-34,14
2003,"Win",21,-15,1,-209,4,-251,7,-265,12,-266,7,-246,5,-230,7
2003,"Loss",-2,-1,8,12,20,-4,29,-39,27,5,37,-8,30,12,31
2003,"Win",3,-13,2,-112,8,-101,4,-129,20,-135,12,-124,9,-114,9
2003,"Win",12,-11,3,-50,16,-42,14,-89,19,-52,17,-65,13,-42,15
2003,"Win",1,-8,1,-38,2,-48,2,-50,4,-38,3,-37,2,-36,2
2003,"Loss",-11,-1,4,-13,17,-3,23,8,17,7,23,6,23,2,26
2003,"Win",26,-8,3,-24,11,-28,9,-40,10,-42,8,-38,10,-27,5
2003,"Win",32,-8,2,-31,7,-37,11,-20,2,-28,4,-28,4,-30,4
2003,"Win",9,-3,3,-14,10,-10,10,-6,18,-11,13,-8,14,-11,13
2003,"Loss",-8,-1,4,-7,15,-5,12,-31,5,-17,5,-6,11,-10,10
2003,"Win",9,-7,1,-25,3,-19,6,-37,6,-31,9,-32,8,-25,8
2003,"Win",1,-8,5,-36,21,-55,24,-20,15,-37,16,-39,19,-37,18
2003,"Loss",-6,-8,2,-36,8,-39,4,-24,20,-33,12,-34,9,-38,9
2003,"Loss",-8,-8,4,-23,6,-12,16,-60,14,-37,14,-29,6,-23,6
2003,"Win",20,-8,1,-19,1,-32,1,-65,1,-36,1,-37,1,-30,1
2003,"Loss",-13,-3,3,-21,16,-18,14,10,9,-2,17,-8,13,-12,15
2003,"Loss",-22,-5,2,-28,14,-37,8,-9,7,-19,6,-29,7,-24,11
2003,"Win",22,-5,2,-34,5,-32,3,-31,3,-44,2,-38,3,-34,3
2003,"Win",12,-3,3,-17,9,-22,5,-8,21,-14,15,-13,12,-9,14
2003,"Win",10,-8,1,-29,4,-33,7,-25,12,-31,7,-29,5,-32,7
2003,"Win",17,-4,1,-20,2,-15,2,-32,4,-19,3,-15,2,-18,2
2003,"Win",4,-1,2,-4,7,2,9,-8,2,-4,4,-6,4,-1,4
2003,"Win",6,-4,1,-20,1,-23,1,-14,1,-15,1,-18,1,-17,1
2003,"Loss",-3,-1,2,-5,5,-7,3,-15,3,-11,2,-11,3,-10,3
2003,"Loss",-2,-1,6,-5,37,-13,32,-7,9,-6,19,-15,21,-8,27
2003,"Win",11,-11,1,-26,3,-22,6,-68,6,-42,9,-27,8,-21,8
2003,"Win",1,-7,3,-35,9,-38,5,-23,21,-30,15,-31,12,-33,14
2003,"Win",4,-4,1,-26,4,-19,7,-5,12,-16,7,-18,5,-19,7
2003,"Loss",-3,-1,1,-5,2,-9,2,2,2,-1,3,-2,2,-2,2
2003,"Loss",-14,-2,1,-9,1,-9,1,-17,1,-12,1,-13,1,-12,1
2003,"Loss",-16,-2,1,-6,3,1,5,-15,6,-6,9,-4,8,-6,8
2003,"Win",9,-6,1,-38,4,-38,7,-4,12,-18,7,-31,5,-28,7
2003,"Win",33,-1,2,-3,7,1,10,-16,2,-9,4,-10,4,-9,4
2003,"Loss",-11,-2,1,-5,4,2,5,-9,12,-8,7,-7,5,-7,7
2003,"Loss",-3,-1,2,-2,7,6,5,-19,2,-11,4,-8,4,-10,4
2004,"Win",15,0,16,80,181,94,182,43,212,58,218,65,222,81,194
2004,"Win",1,-1,8,17,22,26,19,-31,27,-11,34,-3,33,5,31
2004,"Win",17,-13,2,-105,9,-108,10,-158,3,-154,8,-143,7,-120,9
2004,"Win",7,-3,7,5,33,3,38,-12,44,-9,52,-9,47,-8,43
2004,"Win",35,-15,1,-239,2,-271,3,-269,1,-277,1,-262,1,-252,2
2004,"Win",27,-13,2,-122,8,-127,4,-112,22,-130,2,-148,3,-126,5
2004,"Loss",-15,-7,5,-27,19,-29,24,-52,18,-38,18,-38,19,-25,19
2004,"Win",3,-9,4,-21,23,-18,18,-62,17,-27,16,-25,17,-30,18
2004,"Loss",-6,-3,7,10,35,17,35,-11,25,15,22,19,25,15,25
2004,"Win",11,-5,6,-28,21,-22,17,-50,11,-36,11,-30,13,-32,14
2004,"Win",4,-1,8,-8,28,-4,40,6,26,-5,28,2,32,4,33
2004,"Win",19,-15,1,-160,3,-189,1,-182,12,-176,5,-194,2,-170,1
2004,"Win",26,-15,1,-179,4,-204,2,-206,7,-204,12,-227,6,-199,4
2004,"Win",5,-7,5,-25,15,-10,23,-16,24,-4,27,5,30,-6,26
2004,"Win",17,-11,3,-97,13,-78,12,-113,20,-85,17,-101,15,-85,17
2004,"Win",3,-1,8,1,30,4,27,-14,31,-10,29,-5,26,5,29
2004,"Win",1,-9,4,-42,17,-42,13,-63,15,-69,13,-68,11,-37,15
2004,"Win",7,-5,6,-6,26,-4,28,-14,28,-4,40,-1,38,-3,38
2004,"Win",3,-9,4,-37,10,-31,16,-80,13,-52,15,-59,14,-36,11
2004,"Win",5,-11,3,-54,12,-65,9,-71,10,-70,10,-76,8,-64,8
2004,"Win",19,-7,5,-37,14,-36,15,-57,16,-44,19,-32,18,-34,16
2004,"Win",25,-9,4,-52,18,-43,20,-49,14,-33,25,-57,23,-38,20
2004,"Win",20,-15,1,-260,1,-271,5,-253,2,-272,4,-283,4,-272,3
2004,"Win",16,-3,7,-9,25,-4,25,-3,34,-3,32,5,24,-3,27
2004,"Win",33,-13,2,-118,5,-148,7,-207,8,-181,7,-172,9,-145,7
2004,"Win",9,-11,3,-60,16,-65,11,-59,9,-54,6,-59,12,-47,12
2004,"Win",19,-13,2,-134,6,-120,6,-119,5,-120,9,-122,5,-109,6
2004,"Loss",-8,-7,5,-40,20,-35,22,-67,23,-50,21,-50,22,-41,22
2004,"Win",9,-11,3,-55,7,-51,8,-117,6,-95,3,-76,10,-57,10
2004,"Loss",-2,-1,8,12,42,8,50,-2,39,15,36,13,40,10,39
2004,"Win",13,-5,6,-5,24,9,21,-1,29,-6,24,-7,21,1,23
2004,"Win",12,-5,6,-42,11,-40,14,-42,4,-24,14,-29,16,-29,13
2004,"Win",10,-3,7,14,27,3,34,2,19,3,23,17,20,7,21
2004,"Loss",-3,-7,1,-35,4,-43,2,-20,7,-22,12,-27,6,-32,4
2004,"Win",17,-5,2,-29,9,-31,10,-41,3,-44,8,-40,7,-34,9
2004,"Win",28,-7,1,-26,2,-37,3,-31,1,-27,1,-33,1,-35,2
2004,"Loss",-19,-8,2,-27,8,-31,4,-14,22,-20,2,-22,3,-20,5
2004,"Win",5,-7,1,-28,3,-30,1,-19,12,-24,5,-24,2,-33,1
2004,"Loss",-2,-1,4,8,15,-5,18,-7,17,-11,16,-18,17,-8,18
2004,"Win",3,-3,3,-8,13,-5,12,9,11,6,11,2,13,3,14
2004,"Win",4,-8,4,-29,17,-40,13,-55,15,-43,13,-46,11,-29,15
2004,"Win",3,-3,3,-14,12,-19,9,-18,10,-30,10,-30,8,-30,8
2004,"Loss",-24,-1,4,-4,10,1,15,-3,13,-4,15,-4,14,-5,11
2004,"Win",15,-8,4,-42,18,-37,20,-76,14,-46,25,-49,23,-43,20
2004,"Win",17,-5,2,-19,6,-19,6,-29,5,-23,9,-24,5,-21,6
2004,"Win",4,-3,3,-4,7,-6,8,2,4,-11,3,-6,10,-3,10
2004,"Loss",-1,-8,1,-41,1,-45,5,-39,2,-32,4,-36,4,-36,3
2004,"Loss",-2,-3,3,-8,16,-19,11,-20,9,-18,6,-9,12,-12,12
2004,"Loss",-15,-5,2,-36,5,-30,7,-13,8,-19,7,-28,9,-21,7
2004,"Loss",-9,-3,5,-24,15,-22,23,-3,24,-7,27,2,33,-10,26
2004,"Win",20,-4,2,-15,9,-20,10,-26,3,-16,8,-14,7,-15,9
2004,"Win",12,-1,2,-1,6,-2,6,-1,5,6,3,-5,5,-4,6
2004,"Win",4,-3,1,-14,3,-12,1,-3,12,-8,5,-9,2,-14,1
2004,"Win",10,-4,1,-12,2,-12,3,-15,1,-18,1,-17,1,-14,2
2004,"Win",5,-7,3,-23,12,-26,9,-26,10,-12,10,-17,8,-17,8
2004,"Win",26,-5,4,-24,18,-30,20,-27,14,-11,25,-17,23,-19,20
2004,"Loss",-8,-4,3,-28,13,-25,12,-1,20,-9,17,-22,15,-11,17
2004,"Win",16,-6,2,-30,9,-35,10,-24,3,-26,8,-26,7,-27,9
2004,"Loss",-2,-1,1,-3,3,-5,1,7,5,-4,5,-3,2,-5,1
2004,"Win",3,-6,1,-39,2,-34,3,-20,1,-25,1,-36,1,-26,2
2004,"Win",8,-1,3,-6,12,-11,9,-4,10,-15,10,-15,8,-12,8
2004,"Loss",-1,-1,1,-7,2,-7,3,-2,1,-7,1,-6,1,-7,2
2004,"Loss",-2,-1,2,-6,6,-3,6,-5,5,-1,9,-3,5,-2,6
2004,"Win",9,-1,2,-3,9,1,9,-7,3,-2,8,-1,7,1,8
2005,"Win",10,0,16,-37,206,-86,194,-103,176,-95,173,-101,186,-55,192
2005,"Win",13,-11,3,-54,7,-53,14,-22,9,-11,15,-32,12,-27,10
2005,"Win",20,-9,4,-77,9,-69,10,-66,25,-60,21,-51,18,-46,18
2005,"Win",12,-3,7,-9,22,-2,25,-4,24,-2,25,-3,23,-6,21
2005,"Win",10,-11,3,-63,12,-56,13,-109,32,-78,16,-85,21,-77,13
2005,"Win",12,-15,1,-176,1,-182,1,-195,3,-192,1,-200,1,-181,1
2005,"Win",8,-13,2,-122,10,-107,5,-160,14,-135,13,-136,8,-114,8
2005,"Loss",-4,-1,8,11,27,-17,29,-27,36,-13,34,-16,25,-8,35
2005,"Win",17,-11,3,-110,14,-104,11,-103,17,-100,17,-117,10,-99,12
2005,"Win",8,-1,8,-5,23,-11,17,46,21,17,22,-2,27,-2,24
2005,"Win",12,-5,6,-4,26,-28,23,-9,33,-10,36,-29,22,-10,30
2005,"Loss",-14,-5,6,-23,25,-26,31,-26,22,-23,32,-18,30,-22,28
2005,"Win",6,-5,6,-12,24,-24,21,-24,27,-43,19,-28,24,-28,25
2005,"Win",16,-13,2,-128,6,-134,3,-165,5,-160,5,-139,4,-127,4
2005,"Win",11,-15,1,-157,3,-161,6,-170,8,-182,10,-177,5,-170,6
2005,"Win",2,-3,7,-6,34,-18,30,-16,30,-2,35,-7,38,-2,39
2005,"Loss",-10,-7,5,-25,20,-20,15,-45,11,-24,18,-20,16,-22,16
2005,"Loss",-1,-11,3,-98,4,-79,8,-132,19,-98,12,-105,9,-90,7
2005,"Win",6,-13,2,-104,15,-133,18,-177,7,-180,6,-156,13,-128,14
2005,"Win",11,-15,1,-157,5,-182,4,-208,2,-196,3,-207,3,-169,3
2005,"Win",5,-9,4,-45,19,-50,20,-98,4,-75,11,-61,14,-55,15
2005,"Win",12,-7,5,-20,29,-23,24,-13,16,-21,23,-20,20,-11,22
2005,"Loss",-11,-1,8,-19,32,-11,32,7,40,-14,31,-13,37,-21,36
2005,"Win",6,-9,4,-59,11,-67,9,-64,6,-49,9,-69,7,-58,9
2005,"Win",8,-7,5,-23,18,-21,16,-67,10,-66,4,-42,11,-33,11
2005,"Loss",-23,-1,8,2,37,15,34,4,34,-3,38,17,32,13,29
2005,"Loss",-12,-3,7,-17,33,2,36,42,13,25,24,18,28,3,31
2005,"Win",28,-15,1,-204,2,-192,2,-175,1,-171,2,-184,2,-190,2
2005,"Win",13,-13,2,-125,8,-116,7,-156,12,-124,7,-134,6,-113,5
2005,"Win",9,-3,7,-14,21,-16,26,47,7,-34,29,-24,31,-26,23
2005,"Loss",-3,-9,4,-39,13,-27,12,-89,18,-59,14,-28,15,-13,19
2005,"Win",8,-7,5,-27,16,-11,22,-20,15,-20,8,-22,17,-31,17
2005,"Win",5,-5,6,-27,17,-34,19,-61,20,-30,20,-23,19,-31,20
2005,"Win",22,-8,3,-41,7,-43,14,-39,9,-40,15,-36,12,-40,10
2005,"Win",12,-8,1,-26,1,-45,1,-60,3,-46,1,-40,1,-42,1
2005,"Win",9,-5,2,-12,10,-20,5,-10,14,-12,13,-15,8,-13,8
2005,"Loss",-2,-3,3,-14,12,-10,13,-1,32,-20,16,-1,21,-17,13
2005,"Loss",-9,-3,3,-10,14,-10,11,-10,17,-2,17,-14,10,-13,12
2005,"Win",18,-7,1,-20,3,-11,6,-59,8,-29,10,-22,5,-18,6
2005,"Loss",-6,-5,2,-28,6,-27,3,-25,5,-30,5,-34,4,-35,4
2005,"Loss",-8,-8,4,-36,9,-25,10,-31,25,-21,21,-18,18,-20,18
2005,"Win",8,-8,1,-32,5,-30,4,-32,2,-38,3,-29,3,-26,3
2005,"Win",22,-1,4,-18,11,-15,9,-10,6,-14,9,-13,7,-13,9
2005,"Win",11,-8,5,-34,18,-23,16,-97,10,-69,4,-32,11,-21,11
2005,"Loss",-3,-8,2,-35,15,-18,18,-6,7,-18,6,-15,13,-17,14
2005,"Win",27,-8,1,-49,2,-41,2,-39,1,-43,2,-48,2,-55,2
2005,"Win",8,-5,2,-13,8,-19,7,-42,12,-22,7,-25,6,-18,5
2005,"Loss",-11,-1,4,3,16,-2,20,-11,4,3,8,-3,14,-2,15
2005,"Win",9,-8,6,-85,17,-68,19,-131,20,-90,20,-95,19,-77,20
2005,"Loss",-1,-1,2,1,7,-7,7,3,9,-8,7,-6,6,-5,5
2005,"Win",14,-11,1,-44,1,-34,1,-53,3,-41,1,-35,1,-37,1
2005,"Loss",-14,-3,1,-8,3,-3,6,2,6,1,9,-2,5,-3,6
2005,"Loss",-5,-1,6,-8,26,-7,23,3,30,1,35,-16,22,-9,30
2005,"Win",10,-4,2,-14,10,-16,5,-13,14,-6,13,-16,8,-17,8
2005,"Loss",-10,-4,1,-13,5,-12,4,-8,2,-1,3,-8,3,-8,3
2005,"Win",1,-4,1,-14,2,-20,2,-14,1,-6,2,-15,2,-15,2
2005,"Win",9,-4,6,-33,17,-17,19,7,13,-4,20,-9,19,-11,20
2005,"Win",1,-2,1,-6,1,-13,1,-6,3,-14,1,-11,1,-9,1
2005,"Win",8,-3,4,-23,11,-21,9,-24,6,-26,9,-31,7,-30,9
2005,"Loss",-6,-3,2,-8,10,-11,5,4,10,9,4,-3,8,-3,8
2005,"Win",6,-5,1,-15,2,-17,2,-19,1,-18,2,-17,2,-18,2
2005,"Win",15,-3,1,-10,1,-8,1,-3,3,-8,1,-6,1,-8,1
2005,"Win",16,-4,1,-16,2,-14,2,-9,1,-2,2,-9,2,-9,2
2005,"Win",5,0,1,1,1,1,1,-2,1,1,1,1,1,1,1
2006,"Win",22,0,16,-87,170,-137,158,-86,190,-67,194,-101,177,-93,164
2006,"Loss",-5,-3,7,-22,32,-26,35,-16,29,-49,22,-26,31,-26,35
2006,"Win",12,-9,4,-61,18,-66,12,-59,15,-70,19,-62,17,-64,18
2006,"Win",16,-15,1,-170,1,-185,1,-229,3,-174,1,-204,1,-159,1
2006,"Win",26,-11,3,-46,13,-66,8,-68,8,-70,5,-85,6,-47,7
2006,"Win",3,-1,8,-27,17,-32,9,-29,42,-9,31,-26,22,-13,16
2006,"Win",4,-11,3,-58,6,-52,5,-20,39,-40,27,-41,18,-48,17
2006,"Win",9,-9,4,-39,9,-33,11,-49,9,-38,11,-49,7,-50,9
2006,"Win",4,-5,6,-13,38,-15,37,-18,33,-10,41,-37,25,-33,30
2006,"Win",16,-9,4,-41,15,-40,19,-68,17,-48,13,-49,12,-34,12
2006,"Loss",-8,-7,5,-47,20,-48,18,-65,50,-69,21,-73,27,-51,20
2006,"Win",2,-13,2,-67,14,-78,17,-96,22,-76,15,-57,14,-63,15
2006,"Loss",-8,-7,5,-13,21,-4,22,11,19,19,33,-13,26,-7,32
2006,"Win",34,-13,2,-147,7,-157,10,-143,7,-131,12,-169,13,-133,14
2006,"Win",14,-7,5,-34,19,-38,20,-73,14,-46,20,-47,20,-33,23
2006,"Loss",-8,-5,6,-37,24,-44,29,-30,27,-30,38,-31,35,-26,31
2006,"Win",20,-3,7,-27,22,-29,25,-16,54,-17,39,-26,32,-26,27
2006,"Win",19,-1,8,6,31,-14,36,-14,26,1,34,5,36,13,34
2006,"Loss",-4,-9,4,-30,16,-35,16,-43,4,-28,4,-26,11,-23,10
2006,"Loss",-4,-1,8,-15,28,5,23,-75,16,-26,16,-24,19,-19,22
2006,"Win",13,-15,1,-131,3,-137,2,-151,2,-135,2,-152,2,-118,2
2006,"Loss",-10,-5,6,-22,23,-16,27,-57,18,-5,23,-9,29,1,25
2006,"Win",5,-3,7,2,25,-13,21,-36,20,-7,17,-17,16,-9,19
2006,"Win",5,-1,8,2,33,5,33,-29,23,-14,30,-10,34,-5,37
2006,"Win",16,-15,1,-124,4,-115,4,-99,10,-121,7,-116,5,-106,5
2006,"Loss",-6,-3,7,11,36,10,30,18,28,25,25,27,24,15,36
2006,"Win",4,-11,3,-55,11,-74,14,-107,1,-83,10,-83,9,-61,8
2006,"Loss",-1,-11,3,-61,12,-50,15,-109,13,-60,14,-72,15,-72,13
2006,"Win",8,-13,2,-110,5,-120,7,-114,12,-111,9,-117,8,-103,6
2006,"Win",15,-7,5,-45,10,-51,13,-51,11,-51,8,-55,10,-39,11
2006,"Win",8,-13,2,-85,8,-99,6,-114,5,-97,6,-93,4,-90,4
2006,"Win",13,-15,1,-168,2,-155,3,-184,6,-191,3,-174,3,-161,3
2006,"Win",18,-5,6,-1,29,-22,24,-32,21,-30,18,-24,21,-20,24
2006,"Win",13,-8,4,-49,18,-54,12,-100,15,-71,19,-83,17,-53,18
2006,"Win",13,-7,1,-16,1,-8,1,-39,3,-30,1,-21,1,-15,1
2006,"Win",22,-8,3,-48,13,-65,8,-49,8,-63,5,-60,6,-50,7
2006,"Win",10,-3,3,-32,6,-32,5,6,33,-14,27,-7,18,-13,17
2006,"Win",1,-8,4,-19,15,-7,19,-2,17,-20,13,-27,12,-27,12
2006,"Win",3,-8,2,-47,7,-51,10,-38,7,-59,12,-44,13,-47,14
2006,"Loss",-3,-1,4,-10,9,-9,11,-5,9,-9,11,-13,7,-14,9
2006,"Loss",-7,-5,2,-8,14,-8,17,-32,22,-24,15,-18,14,-12,15
2006,"Loss",-6,-8,5,-36,10,-38,13,-36,11,-24,8,-27,10,-22,11
2006,"Win",4,-7,1,-32,3,-36,2,-21,2,-28,2,-32,2,-35,2
2006,"Loss",-5,-8,3,-34,11,-29,14,-74,1,-18,10,-29,9,-17,8
2006,"Loss",-18,-5,2,-22,5,-14,7,-8,12,-8,9,-8,8,-13,6
2006,"Win",16,-8,1,-39,4,-19,4,-81,10,-35,7,-38,5,-36,5
2006,"Win",21,-8,2,-28,8,-24,6,-23,5,-19,6,-20,4,-32,4
2006,"Win",4,-7,1,-35,2,-33,3,-20,6,-32,3,-38,3,-44,3
2006,"Win",13,-8,6,-44,29,-41,24,-101,21,-56,18,-66,21,-61,24
2006,"Loss",-8,-3,1,-14,1,-18,1,-14,3,-12,1,-11,1,-11,1
2006,"Win",16,-12,1,-42,4,-47,4,-37,10,-25,7,-32,5,-28,5
2006,"Win",3,-4,2,-21,8,-18,6,-16,5,-12,6,-17,4,-20,4
2006,"Win",2,-1,2,1,6,5,5,-32,7,-15,12,-5,13,-3,14
2006,"Win",6,-4,1,-16,3,-18,2,-12,2,-18,2,-18,2,-21,2
2006,"Win",4,-4,3,-14,13,-13,8,-12,8,-12,5,-10,6,-12,7
2006,"Loss",-8,-4,7,-23,22,-18,25,-21,54,11,28,-6,32,2,25
2006,"Win",1,-3,1,-16,2,-9,3,-9,6,-16,3,-14,3,-15,3
2006,"Loss",-10,-2,2,-7,8,-13,6,-12,5,-7,6,-8,4,-8,4
2006,"Loss",-5,-1,1,-3,4,-6,4,3,7,-5,7,-8,5,-9,5
2006,"Loss",-13,-2,1,-11,2,-5,3,-2,6,-2,3,-3,3,-4,3
2006,"Loss",-2,-10,1,-42,3,-41,2,-73,2,-26,2,-36,2,-23,2
2006,"Win",15,-8,3,-32,13,-35,8,-67,8,-23,5,-32,6,-18,7
2006,"Win",14,-2,2,-8,7,-9,10,-10,7,-1,12,1,12,2,12
2006,"Loss",-16,-1,2,-6,7,2,8,-1,7,7,5,7,6,7,7
2007,"Win",8,0,16,-38,142,-70,138,-105,143,-87,169,-69,162,-52,152
2007,"Win",9,-3,7,-16,36,-11,37,-31,37,-26,42,-30,34,-22,43
2007,"Win",11,-7,5,-32,22,-26,31,-1,66,-42,27,-47,21,-20,36
2007,"Win",25,-13,2,-110,10,-121,8,-125,4,-126,6,-118,8,-99,6
2007,"Win",13,-3,7,-19,37,-26,27,-11,30,-34,20,-18,28,-24,28
2007,"Win",20,-5,6,-31,24,-34,29,-38,9,-38,15,-20,33,-31,31
2007,"Win",12,-9,4,-20,18,-13,13,-61,8,-63,11,-44,11,-13,12
2007,"Loss",-12,-1,8,-8,21,-8,24,-6,27,15,13,14,22,12,27
2007,"Win",21,-15,1,-145,3,-159,3,-187,1,-187,1,-167,1,-163,1
2007,"Win",21,-15,1,-153,1,-159,1,-145,6,-170,4,-191,2,-159,2
2007,"Win",21,-11,3,-69,7,-73,10,-72,15,-85,12,-78,10,-68,11
2007,"Win",16,-11,3,-77,13,-78,11,-99,5,-97,5,-101,9,-82,9
2007,"Win",28,-13,2,-141,2,-133,7,-173,11,-176,8,-147,6,-145,5
2007,"Loss",-2,-5,6,-24,15,-29,15,-57,17,-62,10,-45,13,-21,13
2007,"Win",33,-5,6,-19,47,-18,50,-33,45,-31,51,-17,54,-14,55
2007,"Win",16,-11,3,-79,16,-70,17,-84,25,-61,33,-73,23,-60,20
2007,"Loss",-2,-1,8,-8,25,-13,42,21,22,21,34,3,41,3,29
2007,"Win",43,-15,1,-172,6,-220,5,-270,3,-289,3,-229,3,-193,3
2007,"Win",40,-15,1,-137,5,-134,4,-141,2,-167,2,-158,4,-148,4
2007,"Win",9,-1,8,-4,19,1,20,4,16,-1,18,-2,18,-1,16
2007,"Win",15,-13,2,-124,9,-149,6,-157,7,-176,9,-136,7,-132,8
2007,"Win",6,-3,7,-9,17,-17,19,36,21,31,32,1,30,2,19
2007,"Win",2,-11,3,-99,12,-90,14,-76,13,-72,21,-84,15,-82,14
2007,"Loss",-9,-1,8,-29,14,-13,25,-6,32,1,22,-20,12,-22,15
2007,"Win",10,-9,4,-69,8,-70,9,-64,29,-65,35,-76,17,-63,10
2007,"Win",35,-7,5,-58,20,-58,23,-61,34,-92,39,-67,24,-62,24
2007,"Win",12,-9,4,-33,27,-54,16,-79,12,-80,16,-67,16,-52,22
2007,"Win",4,-3,7,-31,11,-8,22,17,18,38,14,10,19,-7,23
2007,"Win",17,-7,5,-15,30,-3,43,20,24,13,30,-5,35,-1,41
2007,"Win",27,-9,4,-61,46,-63,39,-87,49,-102,48,-85,39,-49,54
2007,"Win",2,-7,5,10,31,1,34,-9,31,2,24,-20,25,-7,33
2007,"Loss",-10,-5,6,-40,28,6,12,-68,14,-54,17,-23,14,-20,18
2007,"Win",13,-13,2,-78,4,-70,2,-109,10,-122,7,-81,5,-65,7
2007,"Loss",-3,-1,4,-4,18,-18,13,-58,8,-16,11,-10,11,-24,12
2007,"Win",7,-5,2,-26,10,-29,8,-33,4,-36,6,-26,8,-37,6
2007,"Win",14,-8,1,-26,3,-29,3,-32,1,-12,1,-21,1,-26,1
2007,"Win",7,-8,1,-32,1,-54,1,-16,6,-30,4,-39,2,-27,2
2007,"Win",5,-8,3,-32,7,-34,10,-59,15,-60,12,-48,10,-23,11
2007,"Win",3,-3,3,-11,13,-18,11,-4,5,-10,5,-24,9,-22,9
2007,"Win",5,-5,2,-35,2,-20,7,-19,11,-12,8,-22,6,-23,5
2007,"Loss",-4,-3,3,-31,16,-33,17,-20,25,-18,33,-31,23,-35,20
2007,"Win",7,-8,1,-37,6,-33,5,-35,3,-19,3,-29,3,-34,3
2007,"Win",12,-7,1,-14,5,-17,4,-18,2,-16,2,-14,4,-12,4
2007,"Win",16,-5,2,-8,9,-13,6,-50,7,-54,9,-24,7,-13,8
2007,"Win",14,-8,3,-56,12,2,12,-69,13,-50,21,-22,15,-24,14
2007,"Win",15,-1,4,-33,8,-26,9,-2,29,9,26,-8,17,-23,10
2007,"Loss",-3,-1,4,26,20,16,23,15,34,9,39,15,24,30,24
2007,"Loss",-6,-5,2,-7,4,-20,2,-25,10,-45,7,-24,5,-16,7
2007,"Loss",-19,-1,4,-3,27,-27,16,-32,12,-27,16,-19,16,-19,22
2007,"Win",3,-3,1,-3,5,-5,4,-27,2,-33,2,-13,4,-6,4
2007,"Win",1,-1,2,-4,9,-5,6,2,5,4,5,-2,7,-1,8
2007,"Win",1,-4,1,-19,1,-22,1,-28,6,-35,4,-22,2,-22,2
2007,"Win",9,-1,2,-5,2,-3,7,-4,11,-4,8,-4,6,-6,5
2007,"Win",8,-4,1,-16,6,-26,5,-63,3,-24,3,-18,3,-33,3
2007,"Win",1,-4,2,-37,10,-42,8,-41,4,-45,6,-46,8,-49,6
2007,"Win",10,-4,1,-27,3,-40,3,-43,1,-42,1,-34,1,-40,1
2007,"Win",4,-4,3,1,11,-8,14,-22,13,-31,21,-14,15,-9,14
2007,"Win",16,-1,1,-8,1,-5,1,-1,6,-5,4,-5,2,-6,2
2007,"Loss",-13,-1,1,3,2,-3,4,-9,2,-6,2,-2,4,-1,4
2007,"Win",8,-2,1,-6,6,-9,5,-10,3,-18,3,-12,3,-11,3
2007,"Loss",-12,-1,1,-7,3,-5,3,-3,1,-5,1,-7,1,-5,1
2007,"Win",10,-1,1,4,2,-2,5,-8,3,-5,3,-3,3,-2,3
2007,"Win",7,-1,1,-9,1,-7,1,2,4,-2,4,-6,2,-4,2
2007,"Win",9,0,1,5,1,4,1,-3,3,-1,3,1,2,1,2
2008,"Win",9,0,16,-75,174,-104,184,-126,161,-140,169,-110,178,-84,170
2008,"Win",1,-13,2,-84,6,-108,7,-154,6,-154,6,-129,5,-87,5
2008,"Win",24,-15,1,-103,5,-107,3,-114,1,-125,1,-116,2,-108,3
2008,"Loss",-13,-5,6,-21,28,-12,26,-3,20,5,15,-10,22,-24,25
2008,"Win",8,-5,6,-34,23,-44,22,-26,14,-49,12,-46,14,-49,18
2008,"Win",11,-7,5,-33,18,-50,14,-49,17,-48,17,-46,18,-21,23
2008,"Win",18,-7,5,-50,21,-72,18,-77,21,-66,27,-64,23,-48,24
2008,"Win",19,-9,4,-48,17,-44,16,-76,13,-53,26,-56,16,-39,17
2008,"Win",11,-5,6,-15,27,-13,24,-18,25,-14,25,-9,29,-9,32
2008,"Win",24,-11,3,-61,14,-70,10,-119,12,-122,10,-95,10,-62,14
2008,"Loss",-5,-1,8,1,29,4,25,23,19,28,16,3,27,-6,28
2008,"Win",41,-15,1,-237,3,-287,4,-297,4,-316,2,-301,3,-275,2
2008,"Win",13,-1,8,1,24,5,31,1,60,-13,53,4,41,16,27
2008,"Win",31,-9,4,-97,22,-90,13,-106,15,-98,11,-95,12,-91,15
2008,"Win",10,-3,7,-22,26,-8,27,-6,18,1,22,-9,19,-14,21
2008,"Win",15,-11,3,-74,7,-80,6,-85,8,-106,4,-77,6,-66,7
2008,"Win",12,-11,3,-88,12,-70,15,-35,22,-63,18,-80,11,-101,11
2008,"Loss",-14,-1,8,-18,16,-27,17,5,28,-21,19,-18,21,-18,22
2008,"Win",20,-3,7,-30,10,-43,12,-45,41,-43,32,-31,24,-42,13
2008,"Loss",-6,-3,7,-6,31,-4,28,4,27,-5,28,-1,25,7,19
2008,"Win",19,-13,2,-101,8,-93,9,-153,5,-137,8,-116,8,-99,8
2008,"Win",18,-11,3,-64,13,-67,21,-105,9,-122,9,-93,13,-81,12
2008,"Win",24,-15,1,-149,2,-159,2,-196,3,-183,3,-164,4,-159,4
2008,"Win",14,-3,7,-1,35,1,33,-15,47,1,46,5,31,9,30
2008,"Win",7,-1,8,-21,38,4,39,-4,26,-3,34,5,35,-19,29
2008,"Win",39,-15,1,-173,1,-183,1,-159,2,-164,5,-177,1,-169,1
2008,"Win",8,-5,6,-21,33,-28,30,-12,46,-19,36,-18,33,-1,36
2008,"Loss",-1,-9,4,-84,20,-85,20,-84,16,-96,21,-92,20,-100,20
2008,"Loss",-21,-9,4,-69,15,-76,23,-67,32,-65,48,-63,34,-52,31
2008,"Win",15,-13,2,-124,4,-134,5,-154,10,-145,14,-148,7,-120,6
2008,"Win",20,-13,2,-115,9,-127,8,-128,7,-163,7,-143,9,-119,9
2008,"Loss",-6,-7,5,-28,19,-26,19,-24,11,-38,13,-36,17,-37,16
2008,"Loss",-2,-7,5,-30,11,-35,11,-31,34,-40,24,-31,15,-28,10
2008,"Win",19,-7,1,-20,5,-33,3,-60,1,-52,1,-43,2,-40,3
2008,"Loss",-11,-1,4,-1,17,2,14,-4,13,9,17,-2,16,-6,17
2008,"Win",1,-3,3,-9,14,-12,10,-2,12,-2,10,-4,10,-4,14
2008,"Win",2,-8,1,-26,3,-21,4,-15,4,-14,2,-24,3,-32,2
2008,"Win",20,-1,4,1,21,-5,13,-6,15,-16,11,-11,12,-9,15
2008,"Loss",-6,-5,2,-20,6,-20,7,-12,6,-17,6,-14,5,-16,5
2008,"Win",17,-8,3,-42,7,-32,6,-15,8,-11,4,-26,6,-42,7
2008,"Win",7,-3,3,-15,12,-9,15,-3,22,-7,18,-18,11,-21,11
2008,"Loss",-4,-8,2,-29,8,-23,9,-22,5,-25,8,-18,8,-11,8
2008,"Win",30,-3,3,-20,13,-9,21,-37,9,-27,9,-20,13,-24,12
2008,"Win",3,-7,1,-36,2,-41,2,-23,3,-31,3,-36,4,-25,4
2008,"Win",31,-8,1,-33,1,-43,1,-26,2,-35,5,-38,1,-39,1
2008,"Win",5,-5,2,-6,4,-7,5,-31,10,-18,14,-17,7,-7,6
2008,"Win",3,-5,2,-26,9,-26,8,-40,7,-40,7,-27,9,-30,9
2008,"Win",12,-1,12,-37,47,-54,45,-64,35,-62,51,-44,53,-30,53
2008,"Win",9,-1,12,-63,41,-59,46,-35,65,-53,64,-66,46,-82,38
2008,"Loss",-19,-1,2,-9,4,-16,5,1,9,5,9,-6,7,-6,6
2008,"Win",21,-3,1,-21,1,-12,1,-13,2,-6,5,-11,1,-14,1
2008,"Win",10,-11,1,-38,3,-42,4,-61,4,-62,2,-43,3,-36,2
2008,"Win",4,-4,3,-14,12,-12,15,4,18,-5,18,-8,11,-10,11
2008,"Loss",-17,-7,3,-30,7,-26,6,-19,8,-29,4,-20,6,-12,7
2008,"Win",15,-11,1,-42,5,-42,3,-34,1,-50,1,-51,2,-50,3
2008,"Win",18,-4,1,-16,2,-12,2,-14,3,-14,3,-14,4,-19,4
2008,"Win",20,-1,2,-5,9,-2,8,-5,7,-3,7,-1,9,-5,9
2008,"Win",10,-2,1,-12,1,-20,1,-7,2,-4,5,-12,1,-11,1
2008,"Win",19,-2,1,-9,3,-11,4,-18,4,-16,2,-8,3,-9,2
2008,"Win",2,-9,1,-32,5,-29,3,-26,1,-32,1,-24,2,-16,3
2008,"Win",18,-1,1,-7,2,-6,2,-4,3,-4,3,-5,4,-5,4
2008,"Win",18,0,1,4,1,2,1,-1,1,-4,1,1,1,2,1
2008,"Win",15,0,1,-1,2,-2,2,-1,3,1,2,1,3,2,2
2008,"Win",7,0,1,3,2,1,2,-2,1,-2,1,-2,2,-1,3
2009,"Win",15,0,16,18,168,-19,177,-62,170,-28,167,-23,187,-11,164
2009,"Win",56,-15,1,-177,4,-197,3,-171,5,-210,3,-205,3,-171,2
2009,"Win",24,-13,2,-98,3,-110,5,-162,6,-155,7,-154,4,-110,5
2009,"Win",13,-9,4,-90,20,-94,13,-83,9,-86,5,-93,8,-82,10
2009,"Win",4,-1,8,9,21,-7,23,-20,37,3,43,7,33,10,26
2009,"Loss",-13,-3,7,-10,36,-15,29,5,40,-25,29,-16,28,-12,31
2009,"Win",11,-13,2,-145,6,-146,4,-124,3,-103,1,-116,6,-141,4
2009,"Loss",-3,-3,7,-22,23,-17,24,-25,22,-27,22,-16,19,-26,20
2009,"Win",43,-15,1,-135,2,-146,1,-160,2,-168,2,-163,1,-106,1
2009,"Win",28,-13,2,-128,8,-154,8,-162,20,-122,17,-135,9,-111,8
2009,"Win",5,-7,5,-40,16,-50,25,-62,17,-68,14,-71,11,-54,16
2009,"Win",14,-3,7,7,31,-1,33,-25,30,-17,28,-3,29,-7,30
2009,"Loss",-13,-1,8,-6,29,-9,27,-9,33,-34,18,-23,23,-17,25
2009,"Win",1,-5,6,-51,18,-63,18,-54,10,-46,9,-59,17,-37,17
2009,"Win",13,-11,3,-81,9,-79,10,-94,13,-90,19,-96,16,-81,13
2009,"Loss",-4,-7,5,-50,17,-62,20,-66,27,-76,23,-66,21,-57,21
2009,"Win",13,-9,4,-43,14,-61,16,-13,16,-44,16,-52,18,-43,18
2009,"Loss",-13,-7,5,-31,22,-10,32,5,38,-14,25,-17,26,-21,29
2009,"Win",9,-5,6,-26,24,-42,14,-36,14,-35,12,-32,20,-10,23
2009,"Loss",-15,-9,4,-53,13,-50,11,-58,19,-47,21,-55,12,-46,9
2009,"Loss",-8,-5,6,-8,26,-21,19,-78,8,-75,8,-50,14,-38,15
2009,"Win",10,-11,3,-75,11,-49,15,-76,11,-60,11,-64,15,-54,12
2009,"Win",20,-15,1,-181,5,-171,6,-169,1,-163,4,-182,5,-158,6
2009,"Win",1,-5,6,-1,27,-7,21,-75,15,-36,20,-19,22,-16,24
2009,"Win",15,-13,2,-111,7,-123,7,-111,18,-109,13,-130,7,-116,7
2009,"Win",19,-11,3,-114,10,-112,12,-86,12,-90,10,-108,10,-106,11
2009,"Win",2,-1,8,-7,32,-8,31,7,21,1,32,-6,30,-5,27
2009,"Win",10,-15,1,-127,1,-130,2,-130,4,-107,6,-131,2,-98,3
2009,"Loss",-2,-1,8,-8,25,-19,26,-27,35,-29,36,-33,25,-6,28
2009,"Win",15,-11,3,-82,12,-78,9,-131,7,-78,15,-82,13,-68,14
2009,"Loss",-17,-3,7,4,40,8,35,24,24,32,27,13,34,14,38
2009,"Loss",-2,-7,5,-28,15,-31,17,-2,23,5,30,-4,27,-13,22
2009,"Win",18,-9,4,-94,19,-83,22,-139,26,-93,24,-78,24,-109,19
2009,"Win",26,-8,1,-31,4,-33,3,-37,5,-49,3,-43,3,-40,2
2009,"Win",5,-5,2,-35,3,-28,5,-24,6,-21,7,-25,4,-25,5
2009,"Win",2,-8,4,-47,20,-69,13,-84,9,-94,5,-79,8,-68,10
2009,"Win",19,-8,2,-40,6,-40,4,-37,3,-53,1,-38,6,-39,4
2009,"Win",14,-7,1,-28,2,-22,1,-35,2,-44,2,-39,1,-35,1
2009,"Win",10,-8,2,-37,8,-33,8,-27,20,-32,17,-26,9,-38,8
2009,"Loss",-2,-1,4,-2,14,-9,16,-1,16,2,14,7,11,2,16
2009,"Win",20,-3,3,-9,9,-8,10,3,10,10,9,-1,16,-4,13
2009,"Win",14,-1,12,-13,53,-19,42,-39,38,-29,39,-24,43,-5,50
2009,"Win",17,-8,3,-23,11,-25,15,-75,11,-72,11,-49,15,-41,12
2009,"Win",7,-8,1,-28,5,-39,6,-61,1,-61,4,-53,5,-28,6
2009,"Win",5,-8,2,-33,7,-28,7,-6,18,-14,13,-27,7,-31,7
2009,"Win",4,-3,3,-17,10,-9,12,-3,12,-10,10,-12,10,-13,11
2009,"Win",8,-7,1,-31,1,-29,2,-24,4,-27,6,-28,2,-24,3
2009,"Win",11,-3,3,-12,12,-5,9,-7,7,3,12,-7,13,-9,14
2009,"Win",11,-8,4,-24,19,-26,22,1,25,-6,24,-7,24,-16,19
2009,"Win",12,-4,1,-12,4,-22,3,-12,5,-11,3,-8,3,-14,2
2009,"Loss",-11,-1,2,-4,6,-8,4,-9,3,-9,1,-4,6,-7,4
2009,"Win",5,-3,1,-18,1,-20,2,-22,4,-18,6,-22,2,-16,3
2009,"Loss",-23,-1,2,-6,3,-5,5,-7,6,-12,7,-12,4,-8,5
2009,"Win",39,-11,1,-48,5,-36,6,-37,1,-35,4,-38,5,-44,6
2009,"Win",5,-1,2,-4,7,-8,7,7,11,2,11,-8,7,-5,7
2009,"Win",21,-3,1,-18,2,-12,1,-7,2,-3,2,-7,1,-9,1
2009,"Win",13,-1,2,-4,8,-1,8,13,7,2,15,-4,9,-6,8
2009,"Win",7,-2,1,-6,4,-9,3,-7,5,-7,3,-7,3,-9,2
2009,"Loss",-2,-2,1,-8,1,-8,2,-9,4,-13,6,-14,2,-10,3
2009,"Loss",-12,-1,1,-2,5,-1,6,-17,1,-9,4,-2,5,-1,6
2009,"Win",12,-1,1,-6,2,-7,1,-18,2,-15,2,-8,1,-7,1
2009,"Loss",-9,-1,1,-3,4,-4,3,-13,5,-10,3,-4,3,-5,2
2009,"Win",14,-2,1,-7,2,-9,1,-11,2,-17,2,-15,1,-12,1
2009,"Win",17,-1,1,-5,2,-6,1,-16,2,-11,2,-6,1,-6,1
2010,"Win",17,0,16,37,178,29,205,70,199,26,212,29,210,28,182
2010,"Win",9,-11,3,-76,13,-85,10,-101,11,-90,12,-98,8,-65,13
2010,"Win",18,-7,5,-20,11,-23,12,-14,24,-8,26,-11,22,-22,15
2010,"Win",7,-3,7,-37,17,-42,14,-26,14,-42,7,-39,9,-43,12
2010,"Win",16,-15,1,-165,1,-186,1,-148,1,-178,2,-203,1,-170,1
2010,"Win",20,-13,2,-104,6,-114,7,-149,8,-160,9,-148,6,-127,7
2010,"Win",29,-15,1,-159,2,-161,2,-180,4,-136,6,-152,4,-148,3
2010,"Loss",-1,-9,4,-40,19,-24,24,-46,29,-21,36,-34,27,-19,27
2010,"Win",5,-11,3,-91,8,-97,11,-76,59,-58,47,-79,23,-81,19
2010,"Loss",-3,-1,8,18,15,17,25,2,41,5,32,13,31,24,21
2010,"Loss",-14,-11,3,-94,12,-110,16,-94,7,-89,11,-101,11,-82,9
2010,"Loss",-1,-5,6,-6,34,1,43,-26,21,5,33,-4,39,3,33
2010,"Loss",-9,-3,7,-2,25,-1,29,4,49,5,43,11,30,-3,26
2010,"Win",3,-5,6,-16,16,-23,17,-21,27,-5,35,-19,19,-10,22
2010,"Win",3,-13,2,-138,10,-149,9,-142,16,-173,15,-181,7,-156,6
2010,"Loss",-1,-1,8,-22,24,-18,21,-28,30,-33,17,-32,13,-26,24
2010,"Loss",-2,-5,6,6,30,-10,31,20,12,-1,28,-18,24,-18,25
2010,"Win",15,-1,8,-8,29,-14,36,-18,15,-25,14,-8,29,-16,23
2010,"Loss",-13,-7,5,-42,7,-24,13,-35,35,-48,18,-36,16,-39,8
2010,"Win",29,-15,1,-210,5,-231,3,-267,2,-237,1,-237,2,-208,2
2010,"Loss",-5,-3,7,-12,35,-2,32,6,31,17,27,4,32,4,40
2010,"Win",7,-1,8,-10,28,4,23,35,25,37,19,9,26,6,35
2010,"Win",12,-9,4,-96,23,-83,19,-64,10,-75,10,-85,15,-92,14
2010,"Win",3,-7,5,-49,26,-54,20,-81,18,-91,24,-73,25,-52,28
2010,"Loss",-8,-3,7,-3,39,-5,33,-6,22,-5,16,7,21,-3,31
2010,"Win",17,-13,2,-79,18,-104,8,-153,3,-148,4,-114,12,-99,10
2010,"Win",23,-11,3,-58,14,-53,22,-97,20,-111,30,-83,20,-53,18
2010,"Win",8,-9,4,-35,9,-39,6,-48,17,-45,13,-43,10,-27,11
2010,"Win",23,-15,1,-125,3,-125,4,-109,6,-124,5,-142,3,-109,4
2010,"Win",16,-7,5,-21,20,-40,15,-7,19,3,20,-23,17,-10,20
2010,"Win",27,-13,2,-113,4,-114,5,-172,9,-141,8,-139,5,-105,5
2010,"Win",4,-9,4,-45,22,-58,18,-93,5,-84,3,-68,14,-47,17
2010,"Win",11,-5,6,-41,21,-18,28,10,13,-3,22,-28,18,-35,16
2010,"Win",8,-8,3,-27,13,-33,10,-36,11,-21,12,-35,8,-20,13
2010,"Win",2,-8,5,-48,11,-36,12,-51,24,-31,26,-39,22,-31,15
2010,"Win",12,-5,2,-11,6,-7,7,-6,8,2,7,-3,6,-5,7
2010,"Win",30,-8,1,-44,2,-37,2,-54,4,-44,6,-41,4,-47,3
2010,"Loss",-2,-8,1,-14,1,-24,1,-40,1,-30,2,-30,1,-20,1
2010,"Loss",-7,-8,2,-17,10,-21,9,-33,16,-28,15,-23,7,-23,6
2010,"Win",15,-8,6,-90,16,-109,17,-74,27,-65,35,-93,19,-69,22
2010,"Loss",-18,-8,3,-22,8,-30,11,47,12,18,29,-19,23,-24,19
2010,"Loss",-18,-8,4,-27,22,-19,18,-65,5,-63,3,-38,14,-30,17
2010,"Win",15,-7,1,-24,5,-33,3,-13,2,-13,1,-27,2,-21,2
2010,"Loss",-2,-1,4,-3,23,-1,19,-8,10,-14,10,-10,15,-14,14
2010,"Win",9,-8,2,-29,18,-26,8,-28,3,-23,4,-20,12,-30,10
2010,"Win",2,-1,4,-11,9,-9,6,-2,17,-10,13,-7,10,-9,11
2010,"Win",22,-7,1,-25,3,-23,4,-54,6,-51,5,-32,3,-37,4
2010,"Win",9,-8,2,-38,4,-33,5,-19,9,-13,8,-16,5,-29,5
2010,"Loss",-3,-3,3,-7,14,-6,22,-3,20,8,22,2,18,2,16
2010,"Loss",-4,-4,1,-8,3,-8,4,-18,6,-21,5,-19,3,-11,4
2010,"Win",5,-4,2,-15,6,-21,7,-15,8,-13,9,-12,6,-9,7
2010,"Win",17,-11,1,-47,2,-35,2,-66,4,-60,6,-48,4,-44,3
2010,"Win",13,-9,2,-26,4,-36,5,-3,9,-21,8,-37,5,-38,5
2010,"Win",23,-7,3,-14,13,-20,10,-38,11,-31,12,-22,8,-16,13
2010,"Win",13,-3,1,-4,5,-3,3,-15,2,-12,1,-8,2,-9,2
2010,"Win",7,-4,5,11,15,-5,20,-23,18,-8,24,-6,25,7,21
2010,"Loss",-3,-4,2,2,16,-9,8,-24,3,-31,4,-7,12,-12,10
2010,"Loss",-7,-3,2,-5,6,-5,7,-16,8,-17,9,-16,6,-8,7
2010,"Loss",-7,-1,1,-2,2,-3,2,-5,4,-2,6,-1,4,-2,3
2010,"Win",7,-2,1,-8,5,-7,3,-9,2,-11,1,-6,2,-11,2
2010,"Win",1,-1,5,10,16,3,17,-9,18,-11,24,6,19,6,22
2010,"Win",2,0,5,-15,11,-8,12,6,18,2,24,-3,22,-13,15
2010,"Win",21,-1,1,1,4,-2,3,-7,2,-7,1,-3,2,-3,2
2010,"Win",2,-4,1,-6,5,-9,3,-22,2,-25,1,-20,2,-13,2
2011,"Win",18,0,12,14,37,-7,44,-46,21,-32,24,-11,42,-13,37
2011,"Win",4,0,16,-25,160,-12,175,-45,151,-67,143,-52,155,-83,127
2011,"Win",9,0,16,-62,204,-107,193,-68,222,-76,219,-89,219,-67,204
2011,"Win",13,0,11,-16,59,10,62,36,44,40,44,15,62,-4,55
2011,"Win",2,-1,8,23,18,31,27,-4,48,2,52,7,39,14,24
2011,"Win",8,-11,3,-101,6,-102,7,-61,17,-73,13,-91,6,-84,7
2011,"Win",15,-5,6,-14,21,-12,20,-10,19,-11,23,-11,17,-24,17
2011,"Win",29,-11,3,-75,11,-75,10,-95,14,-73,17,-74,14,-55,13
2011,"Win",28,-13,2,-157,10,-122,17,-119,16,-106,19,-126,18,-136,16
2011,"Loss",-15,-5,6,-29,25,-19,26,-2,24,8,27,-18,23,-12,28
2011,"Win",5,-7,5,11,20,10,14,-13,22,13,16,4,21,14,20
2011,"Win",2,-9,4,-34,14,-43,16,-111,6,-80,7,-64,12,-38,10
2011,"Loss",-1,-9,4,-88,15,-81,18,-97,9,-83,12,-95,13,-73,14
2011,"Win",23,-15,1,-155,5,-169,6,-147,4,-138,5,-150,5,-123,4
2011,"Loss",-3,-7,5,-2,28,-4,31,-7,31,-14,32,-6,30,5,27
2011,"Win",18,-13,2,-127,3,-117,3,-139,11,-116,6,-121,4,-102,5
2011,"Win",2,-3,7,-12,27,-14,25,18,27,-1,38,-13,32,-12,30
2011,"Win",2,-3,7,-11,36,8,30,20,30,12,41,10,37,2,47
2011,"Win",8,-7,5,-28,23,-23,21,-3,18,-3,21,-23,19,-19,18
2011,"Win",14,-9,4,-26,17,-21,13,-30,13,-9,9,-23,11,-7,15
2011,"Win",2,-7,5,-15,19,-31,15,-58,33,-60,25,-45,22,-44,23
2011,"Win",42,-15,1,-125,4,-163,4,-219,2,-209,2,-175,3,-147,3
2011,"Loss",-7,-3,7,-16,29,-20,22,-1,36,3,42,-11,33,-3,36
2011,"Win",4,-1,8,-6,26,7,33,5,41,-2,26,7,24,-10,21
2011,"Loss",-11,-1,8,-20,24,-13,23,12,20,2,20,-7,20,-10,25
2011,"Win",19,-15,1,-136,1,-162,2,-149,3,-166,3,-164,2,-133,2
2011,"Loss",-11,-5,6,-36,22,-15,28,-11,23,4,33,6,29,-7,26
2011,"Win",30,-1,8,-6,40,-20,37,-33,25,-15,40,-13,38,-8,45
2011,"Win",15,-13,2,-56,8,-66,9,-131,12,-107,14,-83,15,-51,9
2011,"Win",13,-13,2,-98,7,-118,5,-103,7,-113,10,-119,8,-105,6
2011,"Win",29,-15,1,-202,2,-192,1,-221,1,-218,1,-218,1,-203,1
2011,"Win",22,-11,3,-105,13,-108,8,-92,10,-102,8,-119,9,-90,8
2011,"Win",17,-11,3,-90,9,-92,12,-89,5,-98,11,-102,10,-90,12
2011,"Win",4,-9,4,-65,12,-39,11,-67,8,-65,4,-49,7,-32,11
2011,"Loss",-18,-5,6,-43,16,-53,19,-38,42,-53,31,-61,16,-36,19
2011,"Win",3,-3,7,-9,33,-19,29,-41,15,-42,15,-26,26,-29,29
2011,"Loss",-1,-7,1,-36,5,-52,6,-44,4,-49,5,-41,5,-34,4
2011,"Win",22,-8,3,-48,6,-38,7,-9,17,-14,13,-35,6,-33,7
2011,"Win",11,-3,3,-10,11,-10,10,-5,14,-6,17,-3,14,-4,13
2011,"Win",8,-5,2,-26,10,-21,17,-34,16,-34,19,-29,18,-33,16
2011,"Win",8,-1,4,-9,14,-5,16,-12,6,-14,7,-7,12,-8,10
2011,"Win",17,-1,12,-73,30,-64,35,-68,38,-49,46,-72,36,-60,27
2011,"Win",7,-5,2,-24,3,-22,3,-34,11,-32,6,-28,4,-25,5
2011,"Win",5,-1,4,-14,17,-11,13,-9,13,-20,9,-14,11,-19,15
2011,"Loss",-1,-1,4,-7,12,-4,11,-25,8,-21,4,-15,7,-12,11
2011,"Win",2,-7,1,-36,4,-33,4,-23,2,-38,2,-35,3,-42,3
2011,"Loss",-14,-8,2,-38,7,-37,5,-30,7,-32,10,-36,8,-33,6
2011,"Win",14,-8,1,-43,1,-34,2,-17,3,-17,3,-25,2,-33,2
2011,"Loss",-4,-8,3,-49,9,-31,12,-29,5,-22,11,-19,10,-21,12
2011,"Win",3,-5,2,-25,8,-20,9,-3,12,-1,14,-11,15,-20,9
2011,"Win",32,-7,1,-24,2,-39,1,-45,1,-25,1,-30,1,-20,1
2011,"Loss",-18,-8,3,-46,13,-64,8,-70,10,-76,8,-68,9,-47,8
2011,"Loss",-16,-4,1,-15,4,-11,4,-31,2,-23,2,-19,3,-20,3
2011,"Loss",-7,-4,4,-24,17,-45,13,-35,13,-45,9,-35,11,-23,15
2011,"Loss",-7,-1,2,-8,3,-7,3,-3,11,-11,6,-10,4,-8,5
2011,"Win",9,-1,2,4,6,10,7,-1,16,6,13,12,6,9,7
2011,"Win",20,-11,1,-29,1,-33,2,-35,3,-43,3,-34,2,-25,2
2011,"Loss",-2,-3,1,-12,2,-15,1,-5,1,-6,1,-11,1,-9,1
2011,"Win",18,-9,2,-50,8,-34,9,-22,12,-19,14,-14,15,-24,9
2011,"Loss",-1,-1,10,-14,45,-30,42,-43,37,-42,42,-33,44,-16,39
2011,"Loss",-3,-6,2,-31,10,-41,17,-32,16,-35,19,-28,18,-22,16
2011,"Win",2,-2,3,-8,11,-5,10,-19,14,-8,17,-8,14,-10,13
2011,"Loss",-7,-2,2,-6,8,-7,9,6,6,7,7,3,12,-1,9
2011,"Loss",-10,-10,1,-58,1,-70,2,-77,3,-81,3,-75,2,-53,2
2011,"Win",8,-3,8,-18,41,-14,58,-32,48,-30,54,-31,46,-17,38
2011,"Win",1,-1,3,-3,11,-6,10,8,6,10,7,2,12,3,10
2011,"Win",12,-5,3,-30,11,-48,10,-34,14,-37,17,-32,14,-25,13
2012,"Win",6,0,14,-15,45,-8,53,-14,49,-12,48,-13,39,-1,49
2012,"Win",1,0,16,17,163,15,174,-101,183,-65,191,-31,202,-36,186
2012,"Win",11,0,12,18,41,21,39,9,38,39,27,39,31,18,33
2012,"Win",12,0,16,20,129,17,130,1,135,15,103,32,115,35,102
2012,"Win",8,-11,3,-54,9,-60,9,-49,18,-43,14,-47,12,-55,13
2012,"Loss",-4,-5,6,-37,27,-37,26,-31,37,-42,33,-56,24,-47,34
2012,"Win",23,-3,7,-23,24,-28,28,-8,24,-10,32,-8,30,-9,28
2012,"Win",13,-9,4,-53,17,-63,12,-55,9,-52,11,-54,9,-53,8
2012,"Win",13,-1,8,-9,31,-18,31,5,28,-8,29,-5,32,-8,27
2012,"Win",6,-1,8,6,30,-9,29,-72,23,-52,22,-35,22,-43,22
2012,"Win",15,-15,1,-178,2,-188,1,-180,3,-190,1,-201,1,-185,1
2012,"Win",7,-9,4,-56,12,-45,17,-63,13,-48,20,-53,18,-39,17
2012,"Win",20,-11,3,-35,10,-40,13,-33,16,-30,18,-24,15,-35,14
2012,"Win",17,-5,6,-35,14,-55,11,4,75,-27,49,-36,40,-31,42
2012,"Win",7,-7,5,-43,23,-21,21,-41,17,-23,13,-25,16,-24,20
2012,"Win",19,-13,2,-81,8,-79,7,-131,1,-126,2,-131,2,-125,2
2012,"Win",7,-15,1,-114,1,-108,2,-87,6,-113,8,-120,5,-102,5
2012,"Loss",-3,-7,5,-24,11,-18,15,-45,10,-37,10,-40,10,-33,10
2012,"Win",9,-7,5,-12,21,-9,23,-62,11,-23,16,-23,20,-32,15
2012,"Win",24,-9,4,-60,19,-70,14,-91,12,-88,6,-89,8,-89,12
2012,"Win",6,-5,6,-16,32,-6,35,-22,21,3,28,7,27,-2,30
2012,"Win",1,-1,8,-21,13,-24,16,-1,35,5,30,-4,25,-4,21
2012,"Win",26,-3,7,-12,26,-10,27,-12,22,-7,19,-9,17,-10,16
2012,"Win",3,-11,3,-60,15,-54,19,-36,15,-30,21,-40,21,-40,19
2012,"Win",15,-11,3,-47,18,-26,18,-18,27,-11,12,-19,14,-18,18
2012,"Win",15,-13,2,-112,6,-118,6,-74,8,-111,4,-115,4,-110,6
2012,"Loss",-5,-13,2,-93,4,-75,8,-99,14,-66,17,-81,11,-78,9
2012,"Win",22,-15,1,-98,5,-95,5,-139,2,-161,3,-156,3,-141,3
2012,"Loss",-14,-5,6,-17,25,-26,22,26,31,11,43,1,45,4,41
2012,"Loss",-2,-13,2,-110,7,-123,3,-229,7,-207,7,-175,7,-180,7
2012,"Win",19,-15,1,-146,3,-143,4,-132,4,-113,5,-141,6,-133,4
2012,"Loss",-5,-9,4,-37,16,-40,10,-58,20,-46,25,-49,23,-38,24
2012,"Loss",-3,-3,7,-10,29,-9,25,25,19,20,24,7,28,7,31
2012,"Loss",-14,-7,5,-37,22,-40,20,-5,42,-32,34,-34,36,-22,29
2012,"Loss",-7,-1,8,-8,20,-6,24,-21,5,-6,9,-6,13,-12,11
2012,"Loss",-4,-3,7,-13,37,-16,36,-31,29,-17,41,-13,42,-14,39
2012,"Win",17,-8,3,-55,9,-54,9,-50,18,-61,14,-68,12,-68,13
2012,"Win",2,-8,4,-18,17,-21,12,-46,9,-36,11,-41,9,-35,8
2012,"Win",16,-7,1,-29,2,-30,1,-30,3,-28,1,-31,1,-26,1
2012,"Win",3,-1,4,-11,12,-4,17,-4,13,7,13,2,16,-3,17
2012,"Win",9,-3,3,-4,10,2,11,-63,16,-31,18,-25,15,-28,14
2012,"Win",7,-5,2,-16,8,-21,7,-23,1,-30,2,-28,2,-26,2
2012,"Win",16,-7,1,-35,1,-27,2,-17,6,-14,8,-17,5,-17,5
2012,"Win",3,-1,4,-2,19,-9,14,1,11,-10,6,-12,8,-3,12
2012,"Loss",-6,-3,3,-17,15,-16,19,-6,15,-10,21,-13,21,-11,19
2012,"Win",34,-8,7,-91,26,-99,27,-214,22,-195,19,-165,17,-171,16
2012,"Win",3,-8,2,-33,6,-28,6,-11,8,-20,4,-24,4,-25,6
2012,"Win",4,-8,1,-23,5,-25,5,-24,2,-12,3,-16,3,-20,3
2012,"Loss",-3,-8,3,-24,18,-30,18,-4,27,-31,12,-31,14,-23,18
2012,"Win",14,-7,1,-10,3,-12,4,-31,4,-30,5,-19,6,-17,4
2012,"Loss",-6,-1,12,6,53,10,50,-31,47,-5,66,-2,70,-11,51
2012,"Win",12,-5,10,-47,50,-31,52,-53,60,-25,58,-37,55,-34,53
2012,"Loss",-10,-4,3,-16,10,-14,13,-6,16,-1,18,-2,15,-2,14
2012,"Loss",-13,-3,1,-7,5,-12,5,-11,2,-17,3,-15,3,-14,3
2012,"Win",15,-4,2,-24,8,-28,7,-20,1,-29,2,-32,2,-28,2
2012,"Win",1,-3,1,-18,1,-12,2,-6,6,2,6,-3,5,-7,5
2012,"Win",5,-7,3,-41,9,-43,9,-42,18,-44,14,-43,12,-40,13
2012,"Win",3,-9,2,-36,6,-42,6,-23,8,-39,4,-41,4,-35,6
2012,"Win",12,-3,1,-15,2,-11,1,-6,3,-10,1,-8,1,-7,1
2012,"Win",8,-12,1,-50,3,-46,4,-74,4,-66,5,-66,6,-58,4
2012,"Win",4,-3,4,-14,12,-10,17,-9,13,1,19,1,17,1,16
2012,"Loss",-7,-1,1,-7,1,-5,2,5,1,6,2,3,2,3,2
2012,"Loss",-13,-1,1,-3,3,-2,4,-4,4,1,4,2,4,-2,4
2012,"Win",12,-2,1,-7,2,-8,1,-15,3,-13,1,-11,1,-12,1
2012,"Win",2,0,2,-2,6,-1,6,7,1,2,2,2,2,4,2
2012,"Win",8,-3,1,-10,2,-16,1,-10,3,-19,1,-17,1,-16,1
2012,"Win",8,-1,1,-4,2,-5,1,-5,3,-3,1,-3,1,-5,1
2013,"Win",1,0,16,-71,222,-57,221,-3,234,-25,226,-18,242,-41,223
2013,"Win",13,0,11,-5,31,-13,25,-30,21,-10,22,-19,34,-12,32
2013,"Win",13,0,16,6,173,-25,168,21,134,-6,179,6,163,1,182
2013,"Win",9,0,13,3,45,8,47,-11,46,8,49,-1,57,3,50
2013,"Win",17,-5,6,-32,11,-30,18,-19,42,-27,19,-27,23,-24,16
2013,"Win",12,-5,6,-32,20,-20,21,-38,43,-10,52,-28,45,-19,42
2013,"Loss",-3,-7,5,-26,21,-16,35,-26,39,-22,36,-17,39,-27,30
2013,"Win",12,-1,8,-22,22,-8,28,23,17,6,18,20,16,5,24
2013,"Win",6,-15,1,-179,5,-182,1,-266,4,-166,4,-208,6,-175,5
2013,"Loss",-6,-11,3,-100,1,-82,6,-70,26,-91,17,-88,17,-91,17
2013,"Win",31,-15,1,-219,3,-219,2,-233,1,-224,2,-241,1,-222,1
2013,"Win",1,-11,3,-57,18,-54,17,-19,25,-34,25,-42,22,-47,21
2013,"Win",2,-5,6,-18,13,-12,13,1,21,17,22,-7,27,-6,26
2013,"Win",15,-9,4,-74,12,-82,10,-85,13,-91,11,-82,11,-102,8
2013,"Win",11,-11,3,-46,10,-51,8,-59,8,-56,10,-57,8,-54,10
2013,"Loss",-13,-7,5,-6,24,-7,23,-27,31,-23,20,-29,18,-19,20
2013,"Win",20,-9,4,-52,14,-48,20,-73,10,-64,16,-64,15,-59,18
2013,"Win",47,-9,4,-75,16,-64,14,-137,15,-132,13,-120,13,-126,12
2013,"Win",46,-7,5,-23,27,-15,31,-44,16,-33,21,-36,26,-36,19
2013,"Loss",-18,-1,8,-6,28,-9,24,-23,12,-26,7,-32,10,-17,14
2013,"Win",4,-3,7,-18,23,-17,22,-14,20,-25,15,-14,21,-21,15
2013,"Win",12,-13,2,-118,2,-114,3,-154,7,-141,6,-160,7,-139,4
2013,"Loss",-10,-13,2,-106,9,-111,9,-99,11,-114,12,-117,9,-113,11
2013,"Win",32,-11,3,-89,15,-89,15,-173,6,-132,1,-135,3,-124,3
2013,"Win",8,-3,7,-4,38,-14,29,-29,33,-8,42,-8,44,2,41
2013,"Win",21,-15,1,-172,7,-164,4,-153,2,-176,3,-167,2,-181,2
2013,"Loss",-18,-3,7,-23,26,-25,19,-17,19,-6,31,-9,24,-9,28
2013,"Win",7,-15,1,-142,4,-160,7,-176,5,-175,8,-178,4,-163,6
2013,"Loss",-2,-9,4,-31,17,-44,11,-19,27,-27,30,-37,20,-28,25
2013,"Win",29,-13,2,-97,6,-85,12,-146,14,-107,14,-116,14,-105,9
2013,"Loss",-20,-5,6,-16,19,-10,27,26,30,21,23,11,30,11,23
2013,"Loss",-11,-7,5,-8,29,-18,16,-20,9,-25,9,-16,12,-20,13
2013,"Win",7,-1,8,-29,25,-27,26,-14,18,-17,28,-21,19,-30,22
2013,"Win",25,-13,2,-111,8,-110,5,-87,3,-91,5,-93,5,-83,7
2013,"Win",15,-3,7,-13,33,-10,42,-2,47,-25,26,-11,32,-14,35
2013,"Loss",-4,-1,8,-8,32,-13,32,-28,24,-33,35,-30,25,-31,27
2013,"Win",23,-8,6,-90,11,-70,18,-54,42,-89,19,-82,23,-92,16
2013,"Win",26,-7,1,-19,3,-26,2,-39,1,-22,2,-35,1,-28,1
2013,"Win",2,-3,3,-2,18,-4,17,-18,25,-27,25,-23,22,-21,21
2013,"Win",25,-1,4,-15,12,-21,10,-3,13,-10,11,-15,11,-11,8
2013,"Win",22,-3,3,-3,10,-5,8,-14,8,-29,10,-19,8,-16,10
2013,"Loss",-17,-8,4,-16,14,-10,20,-48,10,-27,16,-32,15,-21,18
2013,"Win",6,-8,4,-31,16,-37,14,-50,15,-45,13,-43,13,-45,12
2013,"Loss",-6,-8,1,-29,5,-32,1,-31,4,-29,4,-36,6,-26,5
2013,"Win",16,-5,2,-21,2,-19,3,-13,7,-9,6,-14,7,-11,4
2013,"Loss",-10,-8,7,-82,33,-78,42,-63,47,-100,26,-94,32,-89,35
2013,"Win",14,-8,3,-20,15,-22,15,-24,6,-22,1,-27,3,-20,3
2013,"Win",6,-8,1,-33,7,-41,4,-50,2,-65,3,-53,2,-56,2
2013,"Win",12,-7,1,-21,4,-19,7,-13,5,-20,8,-15,4,-16,6
2013,"Loss",-2,-1,12,-11,37,-21,34,-17,29,-23,34,-29,28,-20,33
2013,"Win",4,-5,2,-32,6,-17,12,-19,14,-28,14,-30,14,-34,9
2013,"Win",3,-8,2,-41,8,-39,5,-33,3,-32,5,-28,5,-30,7
2013,"Loss",-10,-1,2,-12,6,-5,12,-11,14,-11,14,-8,14,-12,9
2013,"Win",3,-4,2,-3,8,-13,5,-39,3,-14,5,-18,5,-9,7
2013,"Loss",-11,-3,1,-9,7,-10,4,-13,2,-10,3,-11,2,-10,2
2013,"Win",14,-4,9,-14,34,-22,33,-11,35,-24,33,-15,42,-22,31
2013,"Win",10,-1,2,-8,2,-5,3,-1,7,-4,6,-1,7,-6,4
2013,"Win",12,-12,3,-100,15,-105,15,-104,6,-125,1,-123,3,-121,3
2013,"Win",8,-11,1,-27,3,-28,2,-57,1,-41,2,-46,1,-38,1
2013,"Loss",-2,-3,1,-8,4,-3,7,-8,5,-3,8,-7,4,-2,6
2013,"Loss",-16,-1,3,2,16,3,14,10,15,12,13,9,13,9,12
2013,"Loss",-4,-7,2,-26,8,-28,5,-32,3,-28,5,-37,5,-24,7
2013,"Win",22,-1,1,1,2,-1,2,-6,1,-4,2,-6,1,-3,1
2013,"Loss",-20,-1,3,3,12,5,10,-7,6,-10,1,-8,3,-5,3
2013,"Win",4,-8,1,-31,3,-31,2,-34,1,-31,2,-41,1,-30,1
2013,"Win",5,0,4,-4,12,-4,10,-2,13,-2,11,-2,11,-4,8
2013,"Win",6,-3,1,-9,3,-8,2,-12,1,-9,2,-10,1,-7,1
2014,"Win",7,0,16,-9,211,-36,187,-29,157,-11,177,-30,185,-23,196
2014,"Win",15,0,12,14,44,12,42,-12,38,-2,54,19,48,28,38
2014,"Win",12,0,16,-9,230,-58,196,-62,212,-84,166,-79,175,-64,187
2014,"Win",13,0,11,-4,48,12,41,-7,15,-16,11,8,17,1,24
2014,"Win",8,-3,7,-8,26,-21,18,-19,16,-23,26,-32,24,-22,29
2014,"Loss",-1,-5,6,-19,21,-37,19,-42,14,-31,20,-44,14,-35,19
2014,"Win",12,-15,1,-210,1,-186,1,-155,2,-174,3,-182,3,-193,3
2014,"Loss",-4,-7,5,-28,19,-21,15,-12,25,-9,24,-7,28,-11,28
2014,"Win",7,-9,4,-49,16,-56,13,-82,1,-64,2,-72,2,-73,2
2014,"Win",17,-13,2,-168,13,-185,8,-158,7,-166,15,-182,10,-175,13
2014,"Win",15,-9,4,-68,12,-64,11,-114,5,-93,10,-98,8,-88,10
2014,"Loss",-5,-7,5,-37,18,-38,21,-31,29,-24,29,-39,26,-37,26
2014,"Win",19,-3,7,-18,27,-22,29,-16,32,-15,30,-12,30,-27,23
2014,"Loss",-29,-1,8,1,31,8,23,54,18,47,16,35,20,30,17
2014,"Win",4,-9,4,-77,11,-77,10,-72,30,-51,21,-57,22,-52,22
2014,"Win",3,-7,5,-35,23,-24,30,11,38,-20,34,-31,36,-31,35
2014,"Win",24,-11,3,-64,8,-79,9,-95,21,-99,14,-104,19,-93,18
2014,"Win",2,-3,7,-9,30,-16,24,-4,55,-10,37,2,37,2,34
2014,"Win",20,-13,2,-126,4,-123,4,-166,6,-161,7,-161,4,-149,5
2014,"Win",40,-13,2,-143,7,-132,7,-115,9,-84,13,-108,9,-118,9
2014,"Win",9,-15,1,-161,2,-166,3,-173,4,-170,1,-170,1,-166,1
2014,"Win",14,-5,6,-23,28,-18,26,-4,27,-15,31,-25,29,-23,30
2014,"Win",10,-11,3,-96,10,-95,16,-115,10,-106,9,-108,11,-107,6
2014,"Win",8,-1,8,-17,20,-15,22,1,23,-3,19,5,16,5,15
2014,"Win",18,-11,3,-92,6,-76,5,-72,20,-51,23,-70,13,-82,14
2014,"Win",11,-13,2,-109,5,-113,12,-133,13,-116,8,-137,6,-125,4
2014,"Win",7,-1,8,-20,22,-24,25,-27,26,-26,17,-22,18,-33,16
2014,"Win",5,-1,8,2,33,-6,28,-18,39,-1,40,-5,41,-3,43
2014,"Loss",-7,-11,3,-79,14,-86,14,-86,8,-89,6,-82,7,-89,8
2014,"Win",2,-5,6,-7,29,-8,27,-14,19,-23,25,-18,27,-18,27
2014,"Loss",-2,-7,5,-25,24,-11,32,-96,17,-43,12,-59,23,-51,21
2014,"Loss",-5,-3,7,-21,17,-18,20,-13,28,-8,28,-2,31,-1,31
2014,"Loss",-19,-5,6,-23,25,-20,33,49,15,39,11,22,25,15,25
2014,"Win",17,-9,4,-67,15,-84,17,-56,11,-47,18,-56,15,-71,12
2014,"Win",11,-15,1,-179,9,-202,6,-197,3,-218,4,-219,5,-203,7
2014,"Win",27,-15,1,-227,3,-194,2,-200,12,-161,5,-163,12,-176,11
2014,"Loss",-12,-5,2,-22,4,-14,4,-10,6,-19,7,-20,4,-24,5
2014,"Loss",-2,-8,3,-32,8,-47,9,-35,21,-37,14,-39,19,-36,18
2014,"Win",16,-8,1,-30,1,-22,1,-16,2,-13,3,-17,3,-14,3
2014,"Win",15,-1,4,-7,16,-17,13,-48,1,-32,2,-34,2,-33,2
2014,"Win",14,-5,2,-17,13,-16,8,-48,7,-22,15,-29,10,-23,13
2014,"Win",7,-8,4,-35,12,-25,11,-32,5,-23,10,-27,8,-29,10
2014,"Win",19,-8,4,-44,11,-49,10,-30,30,-32,21,-43,22,-41,22
2014,"Win",8,-5,2,-20,7,-22,7,-23,9,-17,13,-21,9,-14,9
2014,"Win",23,-7,1,-18,2,-19,3,-20,4,-18,1,-20,1,-19,1
2014,"Loss",-30,-3,3,-18,10,-10,16,-17,10,-22,9,-18,11,-24,6
2014,"Win",2,-3,3,-23,6,-22,5,1,19,-2,23,-14,13,-13,14
2014,"Loss",-2,-7,1,-19,3,-23,2,-14,12,-12,5,-6,12,-5,11
2014,"Loss",-3,-8,2,-33,5,-26,12,-28,13,-28,8,-27,6,-28,4
2014,"Win",20,-3,11,-45,48,-47,53,-79,15,-84,11,-64,25,-72,25
2014,"Win",17,-8,4,-34,15,-26,17,-102,11,-37,18,-67,15,-60,12
2014,"Win",18,-7,1,-26,9,-22,6,-36,3,-36,4,-36,5,-36,7
2014,"Win",6,-3,1,-9,2,-7,3,-26,4,-20,1,-21,1,-21,1
2014,"Loss",-10,-1,10,-2,38,-18,38,-15,41,-15,36,-25,33,-22,32
2014,"Win",11,-3,1,-14,1,-16,1,-9,2,-15,3,-12,3,-9,3
2014,"Win",17,-4,2,-21,7,-19,7,-18,9,-18,13,-20,9,-21,9
2014,"Loss",-5,-4,3,-20,6,-13,5,4,16,-3,23,-11,13,-15,14
2014,"Loss",-5,-4,4,-6,16,-12,13,-25,1,-15,2,-16,2,-14,2
2014,"Win",2,-9,2,-35,13,-45,8,-8,7,4,11,-15,10,-12,13
2014,"Loss",-2,-3,1,-3,9,-5,6,-2,3,-6,4,-3,5,-3,7
2014,"Win",10,-10,1,-39,1,-55,1,-54,2,-48,3,-55,3,-51,3
2014,"Loss",-1,-1,1,-5,2,-4,3,-5,4,-12,1,-8,1,-8,1
2014,"Loss",-6,-3,4,-14,12,-7,11,-11,5,-16,10,-16,8,-19,10
2014,"Loss",-3,-6,2,-9,13,-17,8,-19,7,-2,15,-8,10,-3,13
2014,"Loss",-10,-6,1,-25,1,-17,1,-14,2,-23,3,-21,3,-26,3
2014,"Loss",-1,-6,2,-15,7,-18,7,-17,9,-4,13,-9,9,-7,9
2014,"Win",6,-1,7,4,22,-7,18,-10,16,9,17,6,18,13,16
2015,"Win",10,0,16,99,158,113,154,141,100,104,146,107,159,94,155
2015,"Win",4,0,11,17,37,19,36,22,28,13,31,15,36,14,31
2015,"Win",1,0,11,-20,28,-8,41,14,48,1,39,3,45,-13,43
2015,"Win",4,0,16,3,161,54,143,24,141,46,127,40,143,39,137
2015,"Win",21,-13,2,-147,6,-143,7,-265,1,-205,2,-200,4,-201,2
2015,"Win",3,-7,5,-44,18,-35,19,-94,24,-61,29,-67,25,-68,23
2015,"Win",8,-5,6,-11,27,-10,22,5,20,3,20,-1,20,-2,20
2015,"Win",1,-1,8,-3,43,17,42,18,33,-15,34,17,33,9,41
2015,"Win",10,-9,4,-73,22,-73,21,-158,26,-114,22,-101,23,-112,18
2015,"Loss",-1,-11,3,-79,12,-78,15,-73,18,-56,15,-64,14,-66,14
2015,"Win",23,-15,1,-256,1,-266,1,-239,2,-249,1,-265,1,-248,1
2015,"Win",1,-1,8,1,39,-4,40,-25,22,-5,38,-11,32,-4,33
2015,"Win",2,-9,4,-49,14,-56,13,-70,7,-62,16,-76,9,-72,9
2015,"Win",4,-11,3,-88,9,-91,8,-131,8,-110,10,-115,8,-108,11
2015,"Loss",-3,-3,7,-13,21,-2,25,25,16,9,21,14,17,13,17
2015,"Loss",-1,-11,3,-129,10,-137,11,-118,11,-108,13,-133,11,-136,12
2015,"Loss",-1,-5,6,-35,16,-22,23,-4,23,-22,19,-18,29,-10,32
2015,"Win",7,-7,5,-19,23,-19,20,-60,10,-27,8,-29,12,-43,10
2015,"Win",41,-15,1,-128,2,-159,2,-188,4,-190,5,-170,6,-162,4
2015,"Win",19,-5,6,-21,33,-20,35,-18,32,-18,26,-25,26,-21,24
2015,"Loss",-13,-5,6,-4,24,-13,28,-41,21,-12,28,-20,28,-17,26
2015,"Win",29,-15,1,-159,5,-192,5,-160,5,-166,7,-178,5,-171,5
2015,"Win",10,-13,2,-106,8,-114,6,-150,9,-145,6,-147,7,-157,7
2015,"Win",31,-3,7,5,31,-2,29,-20,17,-8,24,-6,24,-4,25
2015,"Win",19,-13,2,-119,7,-123,9,-96,15,-77,11,-96,10,-106,8
2015,"Win",2,-9,4,-92,15,-98,14,-90,13,-76,18,-82,15,-88,15
2015,"Win",3,-9,4,-36,11,-38,10,-55,30,-30,33,-40,27,-45,27
2015,"Win",7,-3,7,-9,26,-9,24,-25,14,-19,17,-21,16,-19,16
2015,"Win",17,-7,5,-54,13,-54,12,-66,31,-90,12,-76,22,-78,28
2015,"Win",9,-11,3,-82,19,-86,17,-133,12,-123,9,-117,13,-119,13
2015,"Win",6,-1,8,-20,25,-12,26,-13,43,9,37,10,34,4,34
2015,"Win",12,-1,8,1,29,7,30,-13,40,-15,27,-3,35,-1,39
2015,"Win",12,-13,2,-116,4,-127,3,-125,6,-145,4,-147,3,-130,6
2015,"Win",6,-7,5,-35,20,-40,18,-42,29,-29,25,-40,19,-38,19
2015,"Win",5,-3,7,-36,17,-30,16,-17,19,-39,14,-22,18,-25,21
2015,"Win",14,-15,1,-141,3,-143,4,-161,3,-145,3,-143,2,-131,3
2015,"Win",15,-8,2,-28,6,-20,7,-15,1,-19,2,-13,4,-15,2
2015,"Win",13,-7,1,-42,1,-58,1,-49,2,-33,1,-49,1,-49,1
2015,"Loss",-3,-7,1,-38,2,-38,2,-18,4,-33,5,-26,6,-29,4
2015,"Win",9,-1,4,-4,14,-6,13,-17,7,-13,16,-16,9,-14,9
2015,"Win",3,-3,3,-18,9,-14,8,-17,8,-13,10,-12,8,-9,11
2015,"Win",17,-3,11,-88,51,-103,45,-102,27,-80,41,-97,47,-106,42
2015,"Loss",-11,-1,4,-1,22,1,20,16,10,14,8,11,12,8,10
2015,"Win",8,-8,6,-58,33,-58,35,-59,32,-45,26,-52,26,-56,24
2015,"Win",19,-7,1,-25,5,-32,5,-35,5,-20,7,-30,5,-34,5
2015,"Win",19,-5,2,-28,8,-23,6,-8,9,-18,6,-17,7,-18,7
2015,"Win",13,-1,4,2,13,2,12,-18,13,6,12,-7,15,-13,15
2015,"Loss",-6,-5,2,-22,4,-21,3,-8,6,-13,4,-13,3,-10,6
2015,"Win",6,-8,3,-9,19,-24,17,-50,12,-31,9,-35,13,-30,13
2015,"Loss",-10,-1,4,-9,11,-8,10,1,29,8,25,8,19,8,19
2015,"Loss",-13,-5,2,-10,7,-7,9,-4,15,-3,11,-8,10,-13,8
2015,"Win",7,-7,1,-22,3,-22,4,-40,3,-43,3,-42,2,-35,3
2015,"Win",8,-4,2,-27,6,-28,7,-31,1,-24,2,-22,4,-22,2
2015,"Win",39,-4,1,-19,1,-17,1,-27,2,-24,1,-18,1,-18,1
2015,"Win",11,-4,3,-8,9,-8,8,-11,8,-4,10,-10,8,-10,11
2015,"Win",7,-3,1,-11,3,-9,4,-4,3,-13,3,-7,2,-6,3
2015,"Win",6,-4,1,-18,5,-15,5,-5,5,-1,7,-7,5,-5,5
2015,"Win",12,-9,2,-43,8,-39,6,-18,9,-35,6,-40,7,-35,7
2015,"Win",10,-4,4,-25,15,-26,14,-9,13,-20,18,-17,15,-18,15
2015,"Loss",-4,-4,3,-7,19,-7,17,-2,12,-8,9,-3,13,-3,13
2015,"Win",2,-2,1,-8,1,-7,1,-6,2,-9,1,-7,1,-10,1
2015,"Win",7,-1,1,-3,3,-3,4,2,1,1,2,-2,2,1,2
2015,"Win",14,-1,1,-3,5,-1,5,-4,5,1,6,-2,5,-2,5
2015,"Loss",-6,-3,4,-11,15,-10,14,-1,13,1,17,-1,15,-1,15
2015,"Win",20,-6,1,-21,5,-19,5,-9,5,-10,7,-11,5,-11,5
2015,"Win",7,0,1,2,1,3,1,1,2,2,1,1,1,2,1
2015,"Win",5,0,1,2,3,1,4,2,3,4,3,3,2,2,3
2016,"Win",31,0,16,-42,182,-49,194,-48,199,-89,174,-85,181,-72,184
2016,"Win",20,0,11,-12,45,-2,49,-10,15,-15,12,2,23,2,25
2016,"Win",4,0,16,54,206,66,203,-54,228,42,226,26,242,57,230
2016,"Win",5,0,11,-16,49,-25,35,-28,43,-2,56,-29,37,-13,51
2016,"Loss",-2,-7,5,-27,19,-25,12,-103,6,-37,10,-62,9,-57,9
2016,"Loss",-10,-1,8,-2,33,-3,36,24,31,2,40,16,30,7,32
2016,"Loss",-7,-1,8,-10,30,7,33,23,27,30,25,21,28,21,29
2016,"Win",8,-9,4,-28,20,-48,18,-85,19,-52,22,-73,16,-63,14
2016,"Loss",-16,-5,6,-24,15,-7,20,7,22,-2,26,7,22,-2,26
2016,"Win",25,-7,5,-28,24,-35,19,-114,9,-93,14,-98,11,-81,15
2016,"Win",13,-9,4,-76,25,-78,21,-52,28,-54,18,-76,21,-84,19
2016,"Win",26,-15,1,-209,1,-208,1,-227,2,-210,1,-217,1,-210,1
2016,"Win",28,-9,4,-72,12,-73,14,-100,5,-84,7,-88,8,-85,8
2016,"Win",7,-11,3,-97,9,-119,10,-96,16,-117,13,-120,13,-120,11
2016,"Win",16,-15,1,-178,4,-192,2,-196,3,-170,4,-178,3,-181,3
2016,"Loss",-1,-1,8,14,28,14,29,3,45,3,46,-1,43,-3,43
2016,"Win",11,-11,3,-57,10,-62,11,-78,17,-76,29,-74,26,-82,24
2016,"Win",36,-15,1,-161,6,-179,4,-232,4,-220,2,-231,4,-233,4
2016,"Loss",-10,-5,6,-29,16,-26,23,-7,8,4,12,-13,12,-10,17
2016,"Loss",-4,-7,5,-49,26,-35,22,-28,24,-14,24,-32,24,-30,23
2016,"Loss",-11,-9,4,-30,21,-26,26,-63,23,-40,21,-42,27,-50,22
2016,"Win",2,-3,7,-27,31,-21,25,-55,26,-66,20,-66,19,-60,21
2016,"Win",5,-7,5,-31,23,-60,15,-90,21,-57,23,-66,20,-63,20
2016,"Loss",-9,-13,2,-87,8,-95,3,-115,1,-120,3,-114,2,-130,2
2016,"Loss",-3,-5,6,-60,27,-61,24,-29,37,-47,30,-42,31,-57,30
2016,"Win",7,-5,6,-17,32,-7,28,-8,35,-17,39,-2,35,-20,31
2016,"Win",14,-13,2,-114,7,-108,6,-119,13,-87,8,-107,7,-103,7
2016,"Win",39,-15,1,-257,3,-260,9,-218,10,-259,9,-253,15,-274,13
2016,"Loss",-14,-11,3,-72,11,-73,7,-25,11,-27,6,-51,6,-49,6
2016,"Win",2,-1,8,-33,17,-11,30,6,34,6,31,9,32,1,36
2016,"Loss",-19,-3,7,-43,18,-16,34,16,33,13,41,7,40,2,40
2016,"Win",27,-11,3,-106,13,-92,17,-102,12,-100,17,-105,17,-107,16
2016,"Loss",-8,-3,7,2,36,-11,44,32,32,25,35,19,39,23,33
2016,"Win",30,-13,2,-140,2,-136,5,-130,7,-111,5,-134,5,-112,5
2016,"Win",4,-3,7,3,41,4,38,-9,30,-13,32,2,34,-1,34
2016,"Win",18,-13,2,-109,5,-107,8,-174,14,-117,15,-121,14,-124,12
2016,"Win",7,-8,4,-55,20,-39,18,-33,19,-16,22,-40,16,-39,14
2016,"Loss",-23,-8,3,-29,10,-16,11,-5,17,1,28,4,22,-4,24
2016,"Loss",-6,-1,4,-12,12,-5,14,-4,5,-7,7,-3,8,-7,8
2016,"Win",17,-8,4,-21,25,-16,21,-81,28,-29,18,-50,21,-47,19
2016,"Win",12,-8,1,-39,1,-32,1,-25,2,-24,1,-27,1,-28,1
2016,"Win",8,-8,3,-36,9,-39,10,1,15,1,12,-12,13,-16,11
2016,"Win",19,-8,1,-24,4,-27,2,-42,3,-42,4,-41,3,-43,3
2016,"Win",8,-8,1,-29,6,-35,4,-27,4,-38,2,-26,4,-28,4
2016,"Win",13,-8,5,-28,23,-37,15,-65,21,-38,23,-49,20,-52,20
2016,"Win",1,-8,6,-51,32,-52,28,-1,35,6,33,-22,35,-24,31
2016,"Win",4,-8,2,-29,7,-49,6,-19,13,-27,8,-32,7,-26,7
2016,"Win",5,-7,1,-14,3,-21,9,-30,10,-28,9,-26,15,-24,13
2016,"Win",25,-5,10,-34,61,-48,50,-83,33,-82,41,-76,40,-92,40
2016,"Win",4,-8,3,-74,13,-68,17,-54,12,-60,17,-56,17,-71,16
2016,"Win",19,-5,2,-29,2,-20,5,-19,7,-15,5,-14,5,-16,5
2016,"Loss",-3,-5,2,-39,5,-34,8,-16,14,-17,15,-22,14,-22,12
2016,"Win",16,-4,1,-22,1,-14,1,-19,2,-22,1,-19,1,-19,1
2016,"Win",14,-1,2,-6,7,-11,6,1,12,-9,8,-10,7,-9,7
2016,"Win",14,-3,1,-17,3,-9,9,-9,10,-13,9,-1,15,-1,13
2016,"Win",23,-1,2,-7,2,-5,5,-9,7,-8,5,-8,5,-6,5
2016,"Win",15,-4,1,-20,4,-17,2,-6,3,-10,4,-8,3,-12,3
2016,"Win",5,-1,6,-12,32,-14,28,5,30,7,32,-1,35,-3,31
2016,"Win",3,-1,10,22,39,23,27,11,22,13,28,18,22,12,28
2016,"Win",13,-3,1,-19,6,-17,4,-24,4,-16,2,-17,4,-15,4
2016,"Loss",-12,-1,1,-4,3,3,6,-3,10,1,8,8,7,6,7
2016,"Loss",-5,-1,1,-1,1,-4,1,-5,2,-4,1,-4,1,-4,1
2016,"Win",14,-5,1,-28,4,-26,2,-32,3,-35,4,-32,3,-28,3
2016,"Loss",-6,-9,1,-55,6,-46,4,-29,4,-39,2,-36,4,-36,4
2016,"Win",17,-9,1,-57,4,-48,2,-30,3,-37,4,-37,3,-37,3
2016,"Win",44,0,2,-5,2,-1,5,-6,7,-3,5,-2,5,-2,5
2016,"Loss",-3,-1,1,2,2,-3,2,-4,3,-1,4,-2,3,-2,3
2017,"Win",7,0,11,7,45,-4,35,3,32,-1,29,-1,34,6,30
2017,"Win",1,0,16,36,154,15,183,-52,165,35,178,8,208,18,189
2017,"Win",4,0,16,-9,169,-21,173,4,210,66,152,21,179,55,160
2017,"Win",4,0,11,-14,35,-8,41,6,46,5,56,-3,55,-1,52
2017,"Win",18,-13,2,-144,4,-145,5,-135,21,-153,20,-158,18,-135,17
2017,"Win",12,-9,4,-55,15,-72,21,-112,22,-86,26,-88,26,-76,22
2017,"Win",15,-9,4,-43,12,-49,18,-82,14,-55,9,-67,10,-63,7
2017,"Win",6,-11,3,-73,14,-67,17,-85,17,-89,19,-93,20,-84,18
2017,"Win",20,-15,1,-180,5,-175,3,-168,3,-186,1,-179,1,-189,2
2017,"Win",11,-7,5,-5,27,-32,15,-42,11,-38,17,-40,16,-28,19
2017,"Loss",-9,-7,5,-19,21,-14,28,-29,36,-15,33,-27,33,-22,28
2017,"Win",2,-1,8,-7,39,-16,34,5,42,5,34,-4,39,5,34
2017,"Win",2,-7,5,-45,19,-50,13,-48,19,-34,25,-51,22,-44,23
2017,"Win",10,-9,4,-33,17,-32,19,-58,13,-48,15,-63,12,-55,11
2017,"Win",8,-3,7,-12,18,-21,23,-24,26,-38,14,-25,25,-18,25
2017,"Win",20,-15,1,-189,1,-197,1,-164,1,-211,2,-214,2,-206,1
2017,"Win",5,-7,5,-13,23,-23,20,-69,10,-53,7,-59,9,-50,10
2017,"Win",6,-9,4,-58,20,-65,14,-65,7,-75,5,-90,4,-68,8
2017,"Win",10,-1,8,-5,28,-6,24,-20,18,-21,23,-30,17,-17,21
2017,"Loss",-11,-5,6,-14,24,-5,31,15,29,5,40,10,32,-9,37
2017,"Win",6,-1,8,-15,26,-1,32,6,34,-15,38,-12,37,-13,32
2017,"Win",18,-11,3,-45,11,-65,8,-157,20,-75,13,-83,14,-73,12
2017,"Win",14,-5,6,-36,16,-19,16,-12,23,-7,22,-13,21,-16,20
2017,"Win",22,-13,2,-147,8,-138,6,-152,6,-118,12,-153,8,-124,9
2017,"Win",38,-15,1,-167,2,-171,2,-206,8,-208,10,-194,6,-210,5
2017,"Win",9,-13,2,-102,3,-112,4,-155,2,-143,4,-148,5,-135,3
2017,"Win",15,-13,2,-171,10,-153,10,-217,4,-152,6,-179,7,-178,6
2017,"Win",1,-3,7,-15,29,-1,26,-10,15,-3,21,-1,23,-3,24
2017,"Loss",-20,-1,8,-14,34,-19,29,-4,37,-11,32,-8,28,-13,31
2017,"Win",39,-15,1,-146,6,-152,7,-200,5,-204,3,-201,3,-193,4
2017,"Win",16,-11,3,-103,7,-112,12,-76,24,-102,16,-110,13,-105,14
2017,"Loss",-12,-5,6,-21,22,-27,25,-4,27,-10,27,-21,27,-14,26
2017,"Win",20,-3,7,-10,37,-8,37,21,28,3,28,1,30,4,29
2017,"Win",17,-11,3,-115,9,-112,9,-122,16,-123,18,-123,15,-119,13
2017,"Loss",-1,-5,6,-22,13,-30,11,-43,9,-50,11,-36,19,-36,16
2017,"Loss",-6,-3,7,6,25,18,22,36,12,28,8,29,11,20,15
2017,"Win",9,-5,2,-14,4,-18,5,-5,21,6,14,-7,18,-8,17
2017,"Win",9,-8,4,-25,15,-21,21,-43,22,-22,26,-34,26,-28,22
2017,"Win",26,-1,4,-11,12,-2,18,4,10,2,7,1,9,-3,7
2017,"Win",6,-7,1,-34,5,-31,3,-44,3,-38,1,-38,1,-37,2
2017,"Win",4,-1,4,-10,17,4,15,2,11,-2,15,-4,12,-8,11
2017,"Win",12,-1,4,1,19,1,13,-12,7,-20,5,-18,4,-15,8
2017,"Loss",-3,-7,1,-27,1,-23,1,-17,1,-21,2,-15,2,-20,1
2017,"Loss",-25,-8,3,-24,14,-19,17,-12,17,-21,19,-12,20,-28,18
2017,"Win",4,-8,3,-24,11,-33,8,-32,20,-48,13,-41,14,-40,12
2017,"Win",20,-8,1,-46,2,-46,2,-33,8,-33,10,-30,6,-39,5
2017,"Win",3,-8,2,-22,3,-18,4,-10,2,-4,4,-6,5,-12,3
2017,"Loss",-4,-5,2,-19,10,-16,10,-11,4,-15,6,-16,7,-18,6
2017,"Win",7,-7,1,-20,6,-25,7,-35,5,-35,3,-34,3,-28,4
2017,"Win",3,-8,3,-36,7,-40,12,-7,24,-21,16,-35,13,-26,14
2017,"Loss",-7,-5,2,-29,8,-31,6,-43,6,-19,12,-23,8,-24,9
2017,"Win",12,-3,3,-7,9,-7,9,-7,16,-4,18,-6,15,-7,13
2017,"Win",3,-3,1,-15,5,-11,3,-4,3,-4,1,-3,1,-6,2
2017,"Win",32,-3,1,-15,2,-17,2,-5,8,-5,10,-6,6,-6,5
2017,"Win",1,-4,3,-22,7,-14,12,9,15,-5,16,-10,13,-10,14
2017,"Loss",-2,-9,2,-34,4,-31,5,-8,21,-20,20,-14,18,-29,17
2017,"Win",1,-4,4,-16,12,-6,18,-4,14,-14,9,-7,10,-14,7
2017,"Win",11,-1,2,-6,3,-5,4,-14,2,-14,4,-10,5,-10,3
2017,"Win",12,-3,1,-9,6,-14,7,-17,5,-23,3,-23,3,-18,4
2017,"Loss",-20,-4,3,-26,11,-29,8,-29,20,-18,13,-17,14,-21,12
2017,"Win",24,-10,1,-33,5,-33,3,-26,3,-39,1,-31,1,-44,2
2017,"Loss",-14,-2,1,-5,2,-10,2,-16,8,-6,10,-7,6,-9,5
2017,"Win",2,-1,1,3,3,3,4,3,2,-1,3,-2,3,1,3
2017,"Loss",-7,-3,4,-25,12,-19,18,-35,14,-22,9,-21,10,-26,7
2017,"Win",4,-6,1,-32,5,-34,3,-46,3,-30,1,-30,1,-31,2
2017,"Win",1,-2,1,-1,6,-5,7,-19,5,-13,3,-10,3,-10,4
2017,"Win",6,0,1,1,5,4,3,2,3,2,1,2,1,2,2
2018,"Win",10,0,16,-79,160,-85,158,-40,165,-82,170,-65,191,-72,170
2018,"Win",7,0,11,-3,32,-7,44,6,54,21,48,16,44,15,44
2018,"Win",4,0,11,3,41,-7,53,-8,44,9,45,1,49,7,43
2018,"Win",18,0,16,-29,249,-17,276,-54,256,-60,249,-53,242,-56,240
2018,"Loss",-3,-1,8,1,46,-26,30,-8,32,-19,32,-9,37,-15,30
2018,"Loss",-21,-9,4,-32,11,-53,19,-63,15,-55,21,-57,16,-49,19
2018,"Win",22,-13,2,-137,7,-133,8,-108,3,-131,3,-123,3,-134,3
2018,"Win",15,-5,6,1,32,-11,33,-36,24,-46,23,-42,18,-36,23
2018,"Win",4,-9,4,-59,17,-66,12,-65,11,-74,8,-93,10,-70,11
2018,"Win",2,-5,6,-40,22,-47,22,-30,19,-33,17,-32,20,-34,18
2018,"Win",16,-15,1,-99,4,-88,9,-93,6,-118,9,-112,6,-111,8
2018,"Win",5,-7,5,-58,13,-62,18,-36,12,-25,18,-39,14,-34,17
2018,"Loss",-2,-5,6,3,25,-18,21,-28,33,-6,36,-30,32,-16,32
2018,"Win",14,-11,3,-63,15,-68,6,-101,9,-61,10,-87,11,-76,12
2018,"Win",8,-7,5,-31,18,-35,13,-101,16,-62,15,-59,22,-54,16
2018,"Win",5,-3,7,-27,24,-4,32,-1,35,2,47,9,36,-13,33
2018,"Win",11,-1,8,-18,30,-13,27,-28,23,-15,26,-22,26,-15,26
2018,"Win",26,-11,3,-100,8,-94,11,-131,14,-124,11,-116,17,-124,10
2018,"Win",10,-11,3,-79,19,-72,14,-140,10,-99,12,-107,13,-96,13
2018,"Win",26,-15,1,-158,2,-156,2,-163,2,-168,2,-190,1,-169,1
2018,"Win",4,-9,4,-61,12,-68,17,-90,22,-104,16,-79,33,-96,14
2018,"Loss",-17,-3,7,-16,23,-12,23,3,27,12,25,3,28,-2,25
2018,"Win",15,-13,2,-118,5,-103,7,-100,8,-92,4,-103,7,-111,5
2018,"Win",11,-7,5,-21,16,-26,16,-84,20,-36,19,-43,24,-47,20
2018,"Loss",-13,-1,8,-12,38,6,41,9,29,3,35,9,34,13,34
2018,"Loss",-10,-1,8,6,34,6,25,-4,43,-17,27,-20,21,-11,29
2018,"Loss",-6,-9,4,-79,14,-64,20,-100,18,-94,20,-110,15,-81,21
2018,"Win",4,-11,3,-94,6,-91,3,-59,5,-94,6,-87,4,-88,6
2018,"Win",4,-3,7,-35,21,-12,26,14,31,-15,24,10,29,-14,24
2018,"Win",18,-13,2,-108,9,-106,10,-192,7,-158,7,-160,8,-145,7
2018,"Win",26,-13,2,-114,10,-125,5,-126,4,-148,5,-166,5,-147,4
2018,"Loss",-5,-5,6,-18,26,-29,24,-23,21,-32,22,-31,19,-28,22
2018,"Win",4,-3,7,-9,27,-9,28,-18,28,-34,30,-28,27,-32,28
2018,"Loss",-20,-15,1,-139,1,-122,1,-154,1,-183,1,-187,2,-166,2
2018,"Win",17,-7,5,-40,20,-48,15,-49,17,-46,13,-73,9,-51,15
2018,"Win",19,-15,1,-246,3,-272,4,-243,13,-235,14,-230,12,-231,9
2018,"Win",25,-5,2,-17,7,-24,8,-32,3,-46,3,-42,3,-30,3
2018,"Win",6,-1,4,-1,17,-1,12,-5,11,-7,8,-12,10,-5,11
2018,"Win",4,-7,1,-26,4,-18,9,-17,6,-17,9,-20,6,-18,8
2018,"Win",20,-8,5,-30,13,-54,18,-66,12,-58,18,-59,14,-51,17
2018,"Loss",-1,-8,3,-17,8,-28,11,-47,14,-31,11,-45,17,-38,10
2018,"Win",1,-3,3,-7,15,-16,6,-10,9,-7,10,-9,11,-6,12
2018,"Win",3,-3,3,-14,19,-19,14,-14,10,-11,12,-5,13,-10,13
2018,"Win",23,-8,1,-44,2,-54,2,-38,2,-49,2,-45,1,-44,1
2018,"Loss",-31,-1,4,-4,12,1,16,2,20,-3,16,9,24,-6,14
2018,"Loss",-5,-8,1,-47,3,-37,4,-16,13,-21,14,-22,12,-25,9
2018,"Win",7,-7,9,-106,34,-98,25,-108,47,-140,44,-148,41,-128,40
2018,"Loss",-2,-5,2,-16,5,-19,7,-37,8,-20,4,-32,7,-19,5
2018,"Win",3,-8,2,-29,10,-30,5,-23,4,-20,5,-23,5,-23,4
2018,"Loss",-2,-8,3,-38,6,-50,3,-39,5,-48,6,-46,4,-44,6
2018,"Loss",-21,-5,2,-18,9,-18,10,-21,7,-23,7,-19,8,-21,7
2018,"Win",23,-8,5,-73,20,-69,15,-101,17,-101,13,-116,9,-87,15
2018,"Loss",-15,-5,4,-33,17,-29,12,-18,11,-27,8,-24,10,-23,11
2018,"Loss",-3,-4,5,-21,13,-7,18,-35,12,-26,18,-27,14,-23,17
2018,"Loss",-1,-4,7,-4,21,-13,26,-16,45,-18,24,-23,39,-24,24
2018,"Win",27,-4,3,-12,15,-22,6,-19,9,-20,10,-16,11,-16,12
2018,"Win",4,-9,2,-37,7,-45,8,-41,3,-51,3,-47,3,-47,3
2018,"Win",4,-4,1,-12,4,-7,9,-14,6,-10,9,-18,6,-12,8
2018,"Loss",-13,-1,2,-9,10,-9,5,-6,4,-7,5,-8,5,-9,4
2018,"Win",12,-4,1,-18,2,-13,2,-15,2,-11,2,-8,1,-14,1
2018,"Loss",-16,-2,9,9,25,-14,25,-14,47,2,42,-21,41,-8,40
2018,"Win",4,-6,3,-35,15,-35,6,-20,9,-25,10,-23,11,-22,12
2018,"Win",4,-1,1,-3,4,1,8,3,3,6,3,3,3,5,3
2018,"Win",12,-2,1,-17,2,-12,2,-8,2,-10,2,-12,1,-12,1
2018,"Win",12,-8,3,-10,15,-33,6,-52,9,-32,10,-51,11,-36,12
2018,"Win",16,0,1,-2,2,-7,2,-4,2,-7,2,-5,1,-7,1
2018,"Win",17,-2,1,-13,2,-4,2,-7,2,-8,2,-10,1,-11,1
2019,"Win",11,0,11,14,34,-1,49,-24,45,-22,54,-8,60,-9,54
2019,"Win",6,0,16,12,183,31,184,-81,142,-1,208,-13,217,4,195
2019,"Win",9,0,11,-8,41,-1,54,-24,56,-17,61,-14,52,-12,55
2019,"Win",4,0,16,-86,191,-98,191,-33,231,-104,199,-103,193,-89,194
2019,"Win",1,-7,5,-18,17,-18,20,-67,6,-36,13,-44,11,-41,11
2019,"Loss",-9,-1,8,-7,40,-17,36,-21,32,-6,35,-12,32,-9,34
2019,"Loss",-9,-3,7,-24,22,-24,22,-9,24,-3,25,-4,24,-2,27
2019,"Win",7,-9,4,-59,12,-60,9,-39,12,-66,14,-72,13,-69,12
2019,"Win",38,-15,1,-185,10,-208,7,-140,2,-206,2,-212,5,-194,5
2019,"Win",34,-9,4,-64,9,-83,12,-50,27,-59,20,-82,14,-65,17
2019,"Win",35,-13,2,-106,6,-116,8,-161,8,-138,7,-156,6,-132,8
2019,"Win",5,-11,3,-50,11,-62,13,-72,22,-64,18,-74,20,-60,16
2019,"Win",2,-5,6,-21,27,-28,21,-15,30,-30,24,-31,29,-30,24
2019,"Win",19,-13,2,-97,8,-113,5,-74,7,-132,5,-123,8,-130,6
2019,"Win",11,-13,2,-145,5,-146,6,-159,5,-161,4,-153,4,-160,3
2019,"Loss",-10,-3,7,-4,33,-2,27,-41,17,-30,17,-21,22,-17,22
2019,"Loss",-19,-7,5,-20,24,-11,30,-15,21,-25,27,-33,23,-27,26
2019,"Win",13,-11,3,-40,18,-65,14,-91,13,-102,10,-101,10,-104,10
2019,"Win",4,-5,6,-34,19,-28,28,-4,25,-5,26,-20,18,-10,25
2019,"Win",16,-3,7,-18,25,-29,19,-34,14,-36,19,-15,34,-28,23
2019,"Win",17,-5,6,-27,14,-37,17,-38,18,-39,22,-26,26,-34,21
2019,"Win",23,-15,1,-190,1,-189,2,-230,1,-196,3,-192,1,-192,2
2019,"Win",29,-11,3,-57,7,-62,10,-115,16,-96,15,-95,17,-89,14
2019,"Loss",-7,-3,7,-20,16,1,24,-14,20,-4,32,-15,27,-9,28
2019,"Loss",-4,-7,5,-55,20,-40,23,-61,23,-42,21,-87,21,-58,20
2019,"Win",15,-15,1,-207,4,-218,4,-159,4,-191,6,-185,3,-196,4
2019,"Loss",-3,-5,6,-26,26,-11,26,-27,15,-29,16,-26,15,-27,18
2019,"Loss",-23,-1,8,14,31,12,35,9,40,6,38,15,31,8,32
2019,"Loss",-18,-7,5,-30,21,-44,16,-16,19,-31,12,-17,16,-26,15
2019,"Win",7,-13,2,-111,3,-120,3,-95,10,-121,8,-130,7,-123,7
2019,"Win",15,-11,3,-81,13,-88,11,-54,11,-91,9,-101,9,-97,9
2019,"Loss",-6,-9,4,-35,15,-33,18,-35,28,-52,23,-65,19,-58,19
2019,"Loss",-15,-1,8,1,29,3,42,-6,41,-9,37,12,39,-6,36
2019,"Win",15,-15,1,-158,2,-136,1,-167,3,-166,1,-176,2,-166,1
2019,"Win",14,-9,4,-59,23,-73,15,-80,9,-93,11,-88,12,-84,13
2019,"Loss",-17,-1,8,4,28,2,31,-17,38,-17,34,-5,45,-10,38
2019,"Loss",-14,-1,4,-8,9,-8,12,21,6,7,13,3,11,6,11
2019,"Win",28,-8,4,-32,12,-32,9,-24,12,-38,14,-43,13,-41,12
2019,"Win",12,-8,1,-37,10,-46,7,-51,2,-39,2,-39,5,-38,5
2019,"Win",6,-5,2,-19,6,-11,8,-6,8,-12,7,-28,6,-15,8
2019,"Win",2,-3,3,-16,11,-8,13,-8,22,-6,18,-9,20,-8,16
2019,"Win",15,-8,2,-38,8,-41,5,-26,7,-23,5,-20,8,-23,6
2019,"Win",20,-8,2,-32,5,-23,6,-53,5,-43,4,-39,4,-36,3
2019,"Win",26,-3,3,-1,18,-14,14,-12,13,-16,10,-8,10,-15,10
2019,"Win",1,-8,1,-28,1,-40,2,-46,1,-43,3,-38,1,-40,2
2019,"Win",15,-8,3,-45,7,-27,10,-26,16,-30,15,-24,17,-31,14
2019,"Win",22,-8,1,-24,4,-27,4,-51,4,-45,6,-47,3,-44,4
2019,"Win",19,-1,12,1,50,9,51,-28,35,-32,43,-51,33,-36,41
2019,"Win",6,-8,2,-33,3,-21,3,-24,10,-28,8,-35,7,-30,7
2019,"Win",20,-3,3,-1,13,-6,11,-7,11,-13,9,-17,9,-12,9
2019,"Win",12,-8,1,-29,2,-34,1,-37,3,-37,1,-29,2,-31,1
2019,"Win",9,-8,4,-52,23,-48,15,-75,9,-52,11,-96,12,-65,13
2019,"Win",14,-3,1,-2,10,-2,7,-10,2,-12,2,-8,5,-7,5
2019,"Loss",-5,-1,2,-15,3,-11,3,-3,10,-2,8,-3,7,-3,7
2019,"Loss",-19,-1,2,-5,8,-6,5,-4,7,-4,5,-1,8,-3,6
2019,"Win",4,-11,1,-49,2,-59,1,-32,3,-42,1,-31,2,-40,1
2019,"Loss",-17,-4,1,-13,4,-16,4,-2,4,-7,6,-8,3,-7,4
2019,"Win",2,-3,1,-22,1,-13,2,-8,1,-8,3,-11,1,-11,2
2019,"Win",4,-1,2,-1,6,-2,8,-8,8,-8,7,-11,6,-6,8
2019,"Win",17,-1,2,-6,5,-7,6,-17,5,-14,4,-16,4,-13,3
2019,"Loss",-6,-2,1,-3,10,-4,7,-9,2,-7,2,-4,5,-4,5
2019,"Win",5,-2,1,-16,2,-13,1,-10,3,-9,1,-8,2,-9,1
2019,"Loss",-6,-3,2,-11,6,-12,8,2,6,-6,7,-5,6,-3,8
2019,"Loss",-1,-1,1,-4,1,-4,2,-4,1,-1,3,-3,1,-1,2
2019,"Loss",-10,-1,2,-8,5,-5,6,-6,5,-5,4,-5,4,-6,3
2019,"Win",1,-4,1,-15,2,-19,1,-3,3,-12,1,-9,2,-10,1
2019,"Win",8,-2,1,-11,2,-10,1,-8,3,-8,1,-7,2,-8,1
2021,"Win",1,0,11,13,24,4,38,-22,57,-21,53,4,66,-2,65
2021,"Win",1,0,16,-14,143,3,193,24,198,-9,197,26,185,17,190
2021,"Win",8,0,16,-23,138,-3,200,-2,181,10,214,7,205,8,192
2021,"Win",6,0,11,-18,39,3,36,-10,49,-12,44,6,38,-25,33
2021,"Win",17,-11,3,-3,11,-8,8,-31,10,-66,18,-52,15,3,10
2021,"Win",24,-15,1,-153,2,-154,2,-143,3,-185,4,-184,2,-178,3
2021,"Win",5,-3,7,14,36,-3,37,-6,39,-13,37,-10,36,-11,39
2021,"Win",31,-13,2,-83,6,-110,9,-122,6,-144,6,-163,6,-150,6
2021,"Win",29,-15,1,-133,4,-157,3,-129,2,-142,3,-136,3,-141,2
2021,"Win",11,-1,8,-4,29,-4,31,-15,12,-23,9,4,33,-4,32
2021,"Loss",-9,-9,4,-60,25,-74,14,-71,23,-58,13,-68,16,-58,20
2021,"Win",9,-9,4,-88,8,-84,12,-105,30,-67,30,-83,26,-84,25
2021,"Loss",-3,-13,2,-171,10,-143,7,-122,8,-144,7,-145,7,-143,8
2021,"Loss",-14,-7,5,-34,30,-40,26,-45,9,-64,21,-65,17,-43,26
2021,"Loss",-4,-3,7,-20,22,-8,24,17,34,8,34,5,30,3,34
2021,"Loss",-16,-5,6,-38,7,-28,18,-26,17,-21,20,-13,21,-31,15
2021,"Win",12,-5,6,-7,41,-21,44,-40,21,-17,23,-28,22,-17,28
2021,"Win",10,-7,5,-33,19,-30,19,-25,25,-79,12,-76,11,-71,12
2021,"Win",17,-11,3,-60,15,-78,21,-80,31,-100,27,-132,19,-102,22
2021,"Loss",-23,-1,8,-12,35,5,29,9,11,18,10,7,13,7,23
2021,"Loss",-1,-11,3,-84,9,-70,10,-58,19,-60,26,-80,18,-51,21
2021,"Win",13,-13,2,-106,5,-162,5,-115,7,-170,8,-154,9,-139,7
2021,"Win",23,-7,5,-37,26,-31,25,-33,15,-38,17,-39,24,-40,11
2021,"Win",1,-7,5,-12,32,-30,22,-35,28,-50,19,-80,14,-38,16
2021,"Win",10,-9,4,-42,23,-75,23,-90,18,-85,15,-74,12,-77,18
2021,"Win",43,-15,1,-142,1,-195,1,-221,1,-196,1,-210,1,-206,1
2021,"Win",12,-13,2,-109,17,-109,6,-77,5,-103,5,-122,5,-87,5
2021,"Win",9,-11,3,-109,16,-114,11,-90,16,-88,22,-100,10,-75,19
2021,"Win",15,-1,8,10,21,-3,27,-13,13,4,25,-12,28,-2,29
2021,"Loss",-9,-3,7,-20,34,-12,33,-10,22,-15,16,-9,23,-18,17
2021,"Win",16,-15,1,-135,3,-196,4,-177,4,-222,2,-208,4,-196,4
2021,"Loss",-4,-9,4,-59,20,-75,15,-49,24,-67,11,-94,8,-83,24
2021,"Win",4,-1,8,24,27,19,28,3,35,-12,39,-12,39,-2,41
2021,"Loss",-11,-5,6,-27,12,-22,17,-13,36,-20,24,-19,25,-19,14
2021,"Win",16,-5,6,-24,13,-29,13,-43,14,-39,14,-43,27,-56,9
2021,"Win",2,-3,3,-30,11,-36,8,-11,10,-5,18,-7,15,-15,13
2021,"Win",13,-8,1,-45,2,-27,2,-8,3,-6,4,-11,2,-20,3
2021,"Win",3,-8,2,-36,6,-23,9,-28,6,-28,6,-24,6,-28,6
2021,"Loss",-13,-7,1,-25,4,-28,3,-10,2,-6,3,-34,3,-30,2
2021,"Loss",-3,-8,7,-131,50,-113,37,-91,39,-114,37,-116,36,-112,39
2021,"Loss",-10,-8,4,-56,8,-54,12,-24,30,-55,30,-56,26,-44,25
2021,"Loss",-3,-8,3,-30,15,-25,21,-12,31,-14,27,-15,19,-24,22
2021,"Win",23,-8,5,-66,19,-69,19,-69,25,-59,12,-73,11,-66,12
2021,"Win",19,-8,2,-49,5,-40,5,-25,7,-23,8,-23,9,-28,7
2021,"Win",14,-8,5,-47,32,-68,22,-45,28,-59,19,-88,14,-91,16
2021,"Win",18,-1,4,-3,23,-2,23,3,15,-2,15,-12,12,7,11
2021,"Win",16,-7,1,-50,1,-46,1,-37,1,-38,1,-38,1,-40,1
2021,"Win",8,-7,1,-28,3,-23,4,-9,4,-27,2,-24,4,-25,4
2021,"Loss",-15,-5,2,-1,17,-14,6,-24,5,-31,5,-26,5,-22,5
2021,"Win",20,-3,11,-54,39,-41,39,-28,49,-42,44,-54,44,-39,33
2021,"Loss",-34,-3,3,3,13,-2,11,2,14,8,14,-17,10,10,9
2021,"Win",2,-12,3,-170,11,-142,8,-120,10,-133,18,-137,15,-138,13
2021,"Win",11,-4,1,-17,2,-17,2,-22,3,-8,4,-9,2,-9,3
2021,"Win",16,-9,2,-39,6,-37,9,-37,6,-35,6,-28,6,-40,6
2021,"Loss",-7,-4,8,-35,29,-35,31,-42,12,-76,9,-45,37,-37,32
2021,"Win",18,-4,1,-31,1,-21,1,-27,1,-18,1,-13,1,-15,1
2021,"Win",18,-3,1,-20,3,-19,4,-14,4,-13,2,-8,4,-14,4
2021,"Loss",-10,-9,2,-34,5,-34,5,-42,7,-36,8,-35,9,-26,7
2021,"Win",14,-1,6,-5,13,-7,13,-15,14,-22,14,-4,27,-18,9
2021,"Win",9,-2,1,-9,2,-6,2,-7,3,-14,4,-13,2,-10,3
2021,"Win",6,-10,2,-58,6,-57,9,-48,6,-79,6,-76,6,-63,6
2021,"Win",19,-5,1,-12,1,-12,1,-13,1,-13,1,-26,1,-8,1
2021,"Loss",-2,-10,1,-36,3,-35,4,-45,4,-42,2,-40,4,-29,4
2021,"Win",19,-1,1,-4,2,-7,2,-3,3,-2,4,-4,2,-3,3
2021,"Win",3,-10,1,-38,1,-38,1,-48,1,-43,1,-43,1,-32,1
2021,"Win",16,0,1,1,1,1,1,2,1,3,1,1,1,2,1
2022,"Win",8,0,12,36,25,11,39,-44,26,-26,35,-54,29,-15,43
2022,"Win",9,0,16,-10,201,-21,196,14,200,-64,184,-46,214,-30,197
2022,"Win",2,0,11,-21,54,-18,45,-25,47,-23,51,-3,54,-14,54
2022,"Win",11,0,16,31,156,46,148,5,144,-3,179,-23,179,8,165
2022,"Win",4,-9,4,-53,18,-58,16,-6,15,-38,20,-67,17,-50,15
2022,"Win",36,-15,1,-139,7,-131,4,-125,8,-163,5,-194,4,-147,5
2022,"Loss",-3,-1,8,-14,19,-5,30,-18,41,-30,23,-14,31,-24,21
2022,"Win",21,-15,1,-134,4,-140,3,-120,1,-151,1,-141,1,-145,1
2022,"Win",27,-15,1,-199,2,-194,2,-210,4,-178,6,-211,3,-194,3
2022,"Loss",-11,-1,8,-21,17,-15,27,15,27,1,28,12,26,-1,25
2022,"Loss",-12,-5,6,-42,14,-32,17,2,36,2,32,13,24,-1,32
2022,"Win",5,-3,7,-4,26,-22,19,9,25,6,21,35,33,15,24
2022,"Loss",-7,-7,5,-12,24,-36,23,-47,19,-64,18,-73,16,-70,16
2022,"Win",32,-1,8,-13,28,-19,25,-20,33,-16,30,-24,25,-16,28
2022,"Win",9,-9,4,-36,8,-37,11,5,40,-21,48,-40,35,-37,29
2022,"Loss",-4,-7,5,-39,23,-50,18,-68,6,-70,13,-63,13,-64,12
2022,"Win",29,-7,5,-45,16,-29,21,2,26,-18,17,-8,21,-25,18
2022,"Loss",-6,-13,2,-117,13,-133,7,-105,7,-115,3,-133,6,-107,4
2022,"Win",32,-11,3,-108,5,-105,5,-113,5,-132,7,-158,7,-122,7
2022,"Win",4,-9,4,-95,11,-110,15,-61,14,-123,8,-122,10,-112,9
2022,"Win",17,-15,1,-186,1,-193,1,-147,2,-177,2,-177,2,-171,2
2022,"Win",19,-13,2,-136,3,-141,6,-121,10,-136,10,-137,12,-132,6
2022,"Win",17,-13,2,-110,15,-123,13,-146,11,-137,12,-148,11,-146,13
2022,"Win",14,-7,5,-40,9,-48,12,-29,3,-43,4,-48,5,-40,8
2022,"Win",1,-9,4,-26,22,-45,20,-39,18,-54,16,-70,15,-55,17
2022,"Loss",-5,-5,6,-19,32,-5,28,-46,17,-26,19,-41,19,-31,19
2022,"Loss",-2,-3,7,-22,20,-18,22,-1,61,-18,42,-34,30,-17,36
2022,"Win",1,-3,7,2,27,-8,26,-14,29,-1,39,-28,27,-7,35
2022,"Loss",-14,-5,6,-23,31,-13,32,-16,31,-26,25,-31,23,-32,22
2022,"Win",13,-3,7,-2,43,1,36,9,30,7,24,-14,22,-10,30
2022,"Win",22,-11,3,-119,10,-120,9,-132,13,-133,14,-127,8,-120,14
2022,"Loss",-27,-1,8,-13,34,2,29,14,35,3,38,-12,32,-10,31
2022,"Win",8,-5,6,-20,40,-27,24,4,16,-7,15,-10,18,-7,20
2022,"Win",35,-11,3,-65,21,-98,10,-85,9,-116,9,-127,14,-101,11
2022,"Win",20,-13,2,-108,6,-120,8,-138,12,-134,11,-138,9,-126,10
2022,"Win",7,-11,3,-163,12,-137,14,-41,44,-86,33,-113,20,-100,23
2022,"Win",5,-8,4,-18,18,-43,16,-51,15,-62,20,-72,17,-71,15
2022,"Win",4,-8,1,-34,4,-39,3,-26,1,-27,1,-25,1,-25,1
2022,"Win",7,-8,1,-31,2,-33,2,-55,4,-47,6,-42,3,-42,3
2022,"Loss",-8,-8,3,-51,5,-44,5,-31,5,-25,7,-17,7,-26,7
2022,"Loss",-7,-7,1,-21,7,-21,4,-25,8,-25,5,-21,4,-23,5
2022,"Win",28,-8,4,-54,8,-57,11,-29,45,-35,48,-41,35,-47,29
2022,"Loss",-10,-8,7,-104,26,-121,19,-78,34,-91,27,-71,68,-72,39
2022,"Win",16,-1,4,-5,11,-6,15,-14,14,-9,8,-11,10,-9,9
2022,"Win",5,-8,1,-46,1,-28,1,-33,2,-36,2,-42,2,-39,2
2022,"Win",9,-5,2,-14,15,-13,13,-18,11,-27,12,-16,11,-22,13
2022,"Loss",-15,-1,4,13,9,8,12,15,3,12,4,10,5,9,8
2022,"Loss",-5,-8,3,-39,12,-19,14,-19,44,-12,33,-40,20,-27,23
2022,"Loss",-18,-8,2,-39,3,-34,6,-52,10,-50,10,-52,12,-47,6
2022,"Win",10,-3,3,-30,10,-15,9,-7,13,-1,14,-10,8,-6,14
2022,"Win",6,-8,3,-33,21,-35,10,-38,9,-42,9,-40,14,-43,11
2022,"Win",10,-5,2,-37,6,-29,8,-27,12,-20,11,-13,9,-20,10
2022,"Loss",-6,-3,1,-14,4,-13,3,-14,1,-19,1,-16,1,-14,1
2022,"Win",5,-1,2,-6,15,3,10,2,9,3,9,-3,11,2,11
2022,"Loss",-12,-4,1,-8,1,-11,1,-1,2,-2,2,-3,2,-6,2
2022,"Win",8,-9,2,-50,6,-41,8,-24,12,-21,11,-15,9,-23,10
2022,"Win",5,-3,1,-6,2,-9,2,-41,4,-42,6,-32,3,-26,3
2022,"Win",14,-1,10,-9,42,7,33,-1,62,15,45,4,60,3,50
2022,"Loss",-7,-4,4,-17,11,-10,15,-19,14,-22,8,-15,10,-19,9
2022,"Loss",-3,-12,3,-120,10,-131,9,-99,13,-104,14,-131,8,-97,14
2022,"Win",9,-2,2,-3,15,-3,13,-4,11,-8,12,-6,11,-2,13
2022,"Win",6,-3,2,-3,6,-4,8,9,3,7,4,4,5,2,8
2022,"Win",26,-9,1,-40,2,-38,2,-58,4,-54,6,-61,3,-50,3
2022,"Win",20,-7,8,-102,28,-115,25,-79,33,-88,30,-114,25,-83,28
2022,"Win",16,-1,1,-4,2,-6,2,-8,4,-5,6,-6,3,-7,3
2022,"Loss",-4,-6,2,-13,15,-12,13,-22,11,-18,12,-14,11,-15,13
2022,"Win",3,-7,1,-26,2,-23,2,-29,4,-24,6,-22,3,-25,3
